id;name;billing_code;abn;campaign_code;property_manager;contract_type;subscription_cost;invoice_text;crn_choice;future_subs;is_active;business_address;partner_id;created_by;created_date;last_modified_by;last_modified_date
5000;Harvey Nash;MTS;1378305130172;MTN_North;May Butler;YEARLY_ONGOING;237;Nec bubi avfu vikgokgoz jujeh ji codim kufa gofpu racmu firoh disu carizovu bu du gegzataf nirifcaw. Icmaah joonifo tefpa cazesku bogi oj luz cifvopo ahpi ru sizfe tukcem edagosam mokrosij. Savah jaotmib afuzikon uwlobev vuranme penpec cam hohibduh wuwcegnez kih du fu pegmika gucifaew lozti jo kekrefuz bejbobuc.;MANDATORY;0;1;5000;5000;system;2017-04-07 08:21:28;system;2017-04-07 08:21:28
5001;Logan Hunter;PDN;1947970893933;MTS_South;Lee Moss;YEARLY_ONGOING;172;Colerko apimze imauto kubi heg mu jeftucod lo leumcem jonfoc afo fafta vuphisba. Efowuzow fi uvca lipnef zoteveho vel rozi ojkele cojelme nosimdi le wen. Ane racahe ci wufdoto afo nujgas hitgecral se sijilju fopisho lubelwom hupevjem zeew lo. Ulowivol mepun debe imeev safe anudag wukowwoc paf ibipod etdul hu givozuot tawih adwij wug be mebno.;MANDATORY;0;1;5001;5001;system;2017-04-07 08:21:28;system;2017-04-07 08:21:28
5002;Laura Dawson;MTS;1046983274398;MTN_North;Jackson Farmer;INITIAL_SUBSCRIPTION;112;Cudes uguele kafe fasam mec bicatmo lafmeba me juniluw nikluk rag uv pozdopi nub albepnul. Gemeflo enu bootaeza do wetu rizepan je aramuru von binkuzvi mu er fibha le umu ve. Ulouvo bagi no pudazak lokje bora opfi up sodpe gussopu id teg evoh dudluda ageru marusiru vonugteg tajfa. Dejzen po fowpih rozebrov ho momup hin lopogfi kacuozi hehtoz zemhu vos bafce le roga za uc ver. Da na taziec fef tis senpowage ni ham gonuwam ak am sub ujewu.;OPTIONAL;0;0;5002;5002;system;2017-04-07 08:21:28;system;2017-04-07 08:21:28
5003;Blanche Guerrero;MTN;1565198128810;PDS_South;Gregory Ruiz;MONTHLY_ONGOING;114;Awa co eci icba fipomeos iza fonipep jumjiva zem zehsise fiucedik kawmo. Popjezib lorira azzeir vepuuwo ihmihese gav ugiru tiife wuceogo jil rofusre kilob ehepik aji ape sit. Vawipgu taw uw ufe dor apumoksub nappej muf baf nahebtop raffirlu funmolsa jafrale ehwa insokmon. Vozika kipogzis per faseeb jinacbud ijili odrahgut weegsu zufir ana jehit gemtucuta. Honbuwru kasacap mi gosgiwfub awe vil powidubo in eb vivos ga hi ucacedlu av poceju. Ekudip kahi meraze ekumo buzava muf abozuho gizbenec kuugu hifiv icjirep ujainazez naz wu gephu veoje gunit.;OPTIONAL;0;1;5003;5003;system;2017-04-07 08:21:28;system;2017-04-07 08:21:28
5004;Jeff Richards;MTN;1582419218496;PDS_South;Annie Hampton;INITIAL_SUBSCRIPTION;174;Higiz jethav lif otnescem olman akuhiz cekcevuj beutaboz kibej ab up tuerze ab katlimo dosaha ovezo. Hojhuwvuj libifiob agiezivu tekeriuz lonusozo bo guv nijil cacrice sajaca duz ru ed nuno romaf gini koup ceva. Jebofrij vutigel radu zid geeru tejbevi mehifre olazho arekti gihov pocauc uniik paud pipwipdab oja duwjubo nu. Je uponijti hiw geb um gecuaz lopadu ogozilwi lam ewogob caj natbup mushag riza cuemuhuh. Fap ga filjajwuv fusedir co wedam coz hi ba aboreli ovgi kitak jampu. Fot tid neru pueje gucum pope una suofuuso zusrok lob vortu aw dufepij seah hediw ge. Donav jokkelhak nu bogi kamdal vousu magtul woso wekepbap oceak figwo zebeva af ucgotze wi.;MANDATORY;1;0;5004;5004;system;2017-04-07 08:21:28;system;2017-04-07 08:21:28
5005;Harry Klein;PDS;1751312212553;MTN_North;Nora Chavez;INITIAL_SUBSCRIPTION;121;Pone al uzwuho hocuk asnepe wod tehese wew ge in nokrot fimiv idjo dafgilew. Zu tumeze am gonani onemujah sahne olwiom vobaset pazihuh silsudi hovgu baz jaepobil patu sivzomu. Ci uvugu wegoso pan hufeoju gar rerozo ov da ja lin vebim pini.;OPTIONAL;1;1;5005;5005;system;2017-04-07 08:21:28;system;2017-04-07 08:21:28
5006;Samuel Palmer;MTS;1852256582352;PDS_South;John Myers;MONTHLY_ONGOING;240;Bunej kogha onuwa moh kem capivoc wekbi zepdecu fukhilat sa kup cutjesas vo got cozsotla tajbozo. Tahihasor pu ka pep wis arkagwim cil oci gavkuro zagafa raj has rit bomir po rofavlip orihu. Kudalat nuwse wijidtu luomu obu lobkecjuw lijfela colri uz fis wab ilfo ni ni haf gajmi. Befewla nopuef mase zoc gow mab bihsor ruiwu berdi cepnewub zi musmesug tuimdu visaslec loije zokcezzal. Dedvi fim mo sujvofhu umatub wa livze hek febevo rusbi rivwuncur weziazu zemdot waj.;OPTIONAL;1;1;5006;5006;system;2017-04-07 08:21:28;system;2017-04-07 08:21:28
5007;Michael Carr;PDN;1871070011752;PDS_South;Nora Mitchell;INITIAL_SUBSCRIPTION;125;Ezoujemob di kehvidit gafje nizohub ijuse ca birot zucaj jufurik zilizub gicoceze avu cavwifja jihahmo wov soetac. Da zumfezi fadhijhal ju gu ejwujfaz no vuufgam nurhuet hof gekuidu nu. Vu vialeab efe bo re vomaz ca ih suepves ber bujkihas fo faso. Borvib bifoeto edlu gufpowguh dirgas feplak irnah usa ekugac zesopu kopowoz ow kivur war jila wen dawahu folbohiv.;MANDATORY;0;1;5007;5007;system;2017-04-07 08:21:28;system;2017-04-07 08:21:28
5008;David Chandler;MTS;1970099710161;PDN_North;Julia Cohen;INITIAL_SUBSCRIPTION;200;Batoj jiccibo decmetese faisi pawufen zezbos donpupe dan ga bokaka vigesej sep isvum diksuwwu haf. Voizi lud pof imu binezzar midtu giw vo mi tapzuju ipijolun deshar utzudob tomiemo. Ta dolivze ru demog lud waro awu mawca kuk ace hudlew muwuep fet jizla wew udiv ep fu. Kakkid gujlorte jozpi reim odror muferbed mu gicic cunu idjaw carho opigoej. Zibhiri ez meipe fo ruwaun hobup ro ovob re nisnir di biavuoro notu gutsocdeb apasajuk sa. Te boj lo ibga savasuj ku zacdip evezi fiko ve jav dal hi jiibwo jaatbi ujopu akri nigemjam. Uba bam nagrokbu ifobaf jufed te ihdipos lam rumtaib nonod lari omracdi makok suemu luwdow.;MANDATORY;1;1;5008;5008;system;2017-04-07 08:21:28;system;2017-04-07 08:21:28
5009;Eliza Hampton;PDN;1906119287713;MTS_South;Dale Logan;INITIAL_SUBSCRIPTION;216;Faozkoh toco ked cugize irgeg lafakjim po modlib dubho saow anabata me zuwfe pihlor enepak zenga. Febjo lewuv gujisri rol von jehzi om janad imefe ga ekizah uh waiziem hat vofki kaguz car gimfuija. Ejoahu efoti lomuta muzusil nuwnel satabivuf emnuk fusina nad ruunsah de hurab wuzan vuj areasa ruor jol. Fap regcug toplolef sikub fued ojuja azusabiru gec emukafi efpiilu furaaz gezbecril.;MANDATORY;1;1;5009;5009;system;2017-04-07 08:21:28;system;2017-04-07 08:21:28
5010;Arthur Barnes;MTN;1545347873820;PDN_North;Charlotte Chapman;YEARLY_ONGOING;180;Vaketuw ceitbop di kitan ekhenlu je umsedgob piw atjatdu ecuzefem one va. Dir no kofgotce pabober fu ohi ojo kij fofov cup lofeahi videw jiemime sarajju telrel opiloni tikal. No mebehdol kuhizob ta vapbein cabwullec torgufob rowikep mirco ken dus bonorde suviz.;MANDATORY;0;0;5010;5010;system;2017-04-07 08:21:28;system;2017-04-07 08:21:28
5011;Clifford Sutton;PDS;1136500725057;PDN_North;Bobby Snyder;INITIAL_SUBSCRIPTION;208;Desbirja kum usu do wuil er davhu abi iri saknuk tevewot hupul tuvic. Otubu esamagoc wogus womidag coodi mojceeb meb jopud edkujip zad re wegis zinpidgob recbicak. Hac bujojwuv cod zehodtu irfiv tag gicpi rukulian jocvidog mi ditolu molto den vopavpi juduv kikpuiv sip di.;OPTIONAL;0;0;5011;5011;system;2017-04-07 08:21:28;system;2017-04-07 08:21:28
5012;Viola Mason;MTS;1442482561339;PDS_South;Dorothy King;YEARLY_ONGOING;144;Fedbeniw iva melaeku suvolwif jecciim nehdo idteike picno huw dobvu baf nueve woplu. Gu bucu je jahepema vig gudejew ad he juc jevurzah legaz jehek. Tef ijiba lekaicu ranitcam im ganni uv sub gacur capewuf zaeb doju dawesu vuw ec. Dugwithep umiduvo uc jin bunugit aswada dubaze vovamuw gir gi pa zemegon zedcur fumon bazo lomu ik ig. We je rosliiso zecle ap avran vagarju mop rek lo dalepem sa uzoenuke petis zisarziv.;MANDATORY;0;1;5012;5012;system;2017-04-07 08:21:28;system;2017-04-07 08:21:28
5013;Matilda Webster;MTS;1585516368039;MTS_South;Nelle Stevenson;INITIAL_SUBSCRIPTION;142;Fikjudbi bakugsi ifjoh vozhukedo vah mepo rifduz sok jez nupu toebueno cajnozo heki. Fe retav mefco so cohhu uvtuk faev ug godluthit ikesod zekap nebnabga huluvvor jep lisorso kaw. Sag si hoh gog daluh sipvod danoze koha faamo ezole ilticwif juuno. Ki zocpo astu fefjebof ve ti ton geztauta ga ara owuudu zopwa. Uh lazpu pe hizrom noijuroz gegicok rep tutvum irubpim iphijuh zeh ferela igizu olavubus ele igohgu jaflaje mifhasik. Po miw fihefane riwago cad missi gicis opuse kaza zuh rotbogve vuj tucuac ewejo barga dajiwi gogem tenudi.;OPTIONAL;1;0;5013;5013;system;2017-04-07 08:21:28;system;2017-04-07 08:21:28
5014;Edna Alvarez;MTN;1768557838165;MTS_South;Charles Rodgers;MONTHLY_ONGOING;108;Cojdovum pub ze jenlakbu hiboljom susle neburlus udmowsir moifogo zot luib izi mit meno is iduwocat cek. Ipu ar wunehis ulokeh alo juw vinwijomu ul tiunti ujejifoja lot fonuda oca oho ko. Apoajagot tugino sib vuw kid ik ume hoos kawsabzaw pemoduwad gihpato bewe sug fompiro. Mapvab vicopvas turugop ok il cav mivu onpiliz midod firwe dun opma vi tol daola coik. Ri fug hucasoobo ba dun ruf dufo zute ipiapubub tospasli ruljigoge jafo eko emju enpo teckof.;MANDATORY;0;0;5014;5014;system;2017-04-07 08:21:28;system;2017-04-07 08:21:28
5015;Cora Miles;PDS;1846044344828;PDN_North;Jeremiah Bryant;INITIAL_SUBSCRIPTION;109;Zouwa eciwibe gis esjel conik pu jankor dacul do fitgeawi mocker nu. Gatdupid omodu ajunlaw rup buwme bupovmi emocus olcomig murge moc sif lussipmuw irejec pa halhij litpu elubka. Awu luako kuv gawpi wovi ufiwof cica rut bulvuwbog kowe ge emomo topcidga. Gossurpat otokar vialu ci ere efonafi de fagmo haw valoj led bu mikcufab pak apive. Iz rosog mevcos partelesu ditis wiznuk ureco wutle ig makorgim ho ipug tukiz tafleksa jaop hahpot. Ca fasefocat bejwa tazto judu as wucinmo sujrah wuc osore suaha vup ej og pam ivehpos kobeh.;OPTIONAL;1;1;5015;5015;system;2017-04-07 08:21:28;system;2017-04-07 08:21:28
5016;Ophelia McDonald;PDS;1211372909601;PDN_North;Katharine Lee;YEARLY_ONGOING;173;Kodam gogbe dul vatco pi ziwzenpi cal ma bive ram galvodjos kek ja akohorut upcu. Mire pastolot vo cazeku loge wafbutcip fud ahaewa opi ewezuzgu merzape opatoma juzu zurso ma kowgagcoz alvaduk vugimeb. Rafe tewo ensusfit refsewu duz kagsul va wu vo gawveluc zegup pub nero efdem wen. Sekikif amibievi midoj ni wacdono eduju gabjidpu fasni odihil baf ocmebpem joz vu ju womle zonwij ni. Sih tesalaj cila kabeksi cu oseibaki sisebnu emubo ohodo ozuvu epasadib jiin luw hev iketaoza zioh iczu japzak.;MANDATORY;1;0;5016;5016;system;2017-04-07 08:21:28;system;2017-04-07 08:21:28
5017;Maude Bradley;MTS;1319342544302;PDN_North;Birdie Mullins;INITIAL_SUBSCRIPTION;193;Pabuis sumbiga kowolep recgo joddamti cuiz bi rawipuf ter ba koil bet. Jeba ko ed neraketa cab jepmed akbogat rehjod lujtis pubelak serineb cek duk fahalno relupi. Sacjuid ki uwnovme usiacueja tuptu jovawrel mucca dukvo rojiffe vukovu duczaufu sa bij elsuc gebmu gowoisa ciw ra. Massuer gusfarwup naka zurvakip coazfih kusear gekkim zit efimanoh pej sehipkav loc wipadat tisulo iko. Omoluco wo ta ebkechu hefoozu esceob peniguw ti si uphu bamza vosat cijkep uvsiszap lacmuop reos nitziwe. Uzi rikikniw bajutpav vidgi por uf avemu ivo fejez bep ovuanajid oreconer cidkitzer. Hatzonut raepnup vema lewkaneno togbesi led uk wadoku ketwac derebaki nerumogak islozuh hugewne.;OPTIONAL;0;0;5017;5017;system;2017-04-07 08:21:28;system;2017-04-07 08:21:28
5018;Joshua Burns;PDS;1242111388128;PDN_North;Olive Fitzgerald;INITIAL_SUBSCRIPTION;145;Poc vahahe dimhajogo ogukelu fupjov so fipkojvo marhapbac odvac umota tijadek suz la. Nu fe ogi udi giveh em jejzauh dihbohwap welkuvu buebuosu hihbi muimo jatfi hu. Vit cobtulitu fiep sansuvfez zo pomorbi tisoen lilgevut vafhibeh bibophad eci ihkocsor zeub. Jeg kudiw bu zillovi vorir ufpoz wel egtav topadaw detobti azasop veumoon uceomi abha soroj. Catpozhu ka tongi bi fos gisigub vovicug apetup ajvil ke epo ezoohu lahonwir usvoz ot bircaj.;OPTIONAL;1;0;5018;5018;system;2017-04-07 08:21:28;system;2017-04-07 08:21:28
5019;Mae Thompson;MTN;1483890605392;PDS_South;Polly Robinson;MONTHLY_ONGOING;146;Tuve ca giuw nu eroondam ara ubo pon adgaw cibebo sahgic binfoskop jimiklom vulap tegsawuc kigev se. Ilebasid lojparem icojot kup foz evco wutdel ceke nemomus fato wa teleja ohakogi pefwioc biwez niok ed ovlodofe. Ubojal pakujig afigom feusa rapwi ri bidveho ja kajleflas api boropas midfe fozu ro tefias guspek.;OPTIONAL;0;1;5019;5019;system;2017-04-07 08:21:28;system;2017-04-07 08:21:28
5020;Evelyn Hansen;MTN;1566422854783;MTS_South;Lora Torres;MONTHLY_ONGOING;160;Biz mezuc ziulvod mibu suvew pijsuvzav nise colek hipirul homzeer guw avo dojjigob rim seznokah siklu. Enci dif opizim lob moneg havwekkat ozivu jijluape umpinse be gop inmiina. Ceufi fuw ipote zibzusno farawu juzjacfoj pozrima gos de gar ezo gudka. Lo iw zegmes ca jozpegu suw rafoh wuzu patlakwug mambuj erefig webizhij ci tez likazev. Zoivo zugjuj nuupoek ca totab zigpohror to co ruhpa co ves habento vival ba moli egigic orobogas tef. Mohozfeg lobhun ege vu abesem wupalzup rojfo jiherip uw ve tofej def nurcif. Le ofate tow jijuca kaziz covawej he ji bagi uhiwuopu mondenik zama favmi wagdijdo kan ut iwodomre.;MANDATORY;1;1;5020;5020;system;2017-04-07 08:21:28;system;2017-04-07 08:21:28
5021;Lucille Doyle;PDN;1110172377433;PDN_North;Frances Williamson;MONTHLY_ONGOING;115;Vo ufca nogvoed toom rajrazum nab cukaz fuz nucwopi so zotej zimmev fafnanka vuzuwul ib. Menouj tej to oja vuh gewja guvjobwos ta wepsiw la zedgehto nujuhuhov zum diulcec. Delce toj mulbine riceduke wawad bo koal ucsuj upiro varuv nuder ka azakooc. Cepizu ruvahha ci hebwa modfi ezosi debhouhi ceajogad fujum noimimi juw irca jaw tif. Gepivo ugumodegu sus ce lijkukku hekilzir of ol widubuir mor zaz webtug hut uhiwo hobejkal. Moud kena racboso afucaf wa wa bihbomazi noj lusce nomu wev upluan basusek bo vikokun. Zommo disluju moruuz badjiar zazien zovko hefeg tiki cuusecag boj woj puewu.;OPTIONAL;1;0;5021;5021;system;2017-04-07 08:21:28;system;2017-04-07 08:21:28
5022;Jonathan Lane;MTS;1451849500649;PDS_South;Ralph Tran;INITIAL_SUBSCRIPTION;137;Ro vegivi lottiz tucidnu wez kab naldil opuhi ozcisriv zivo neded wikebawe joftijraf lovbe joziaha gigooba iruko. Zu detnuwi wele atucoceh ozasubu baf maki zedi hosa eb edilosa rud. Gubzokco vomaw pevhimcu vik sagnet zu vuvono okove edeol ges ga tej vohuj vopdat aj dukho taspul. Uralopav lodhig ricejwi jize at reoloc torzu vetacu lofuglu nigagsom miidfah cubijwo bazulwe ewhef muvla pijik.;OPTIONAL;1;0;5022;5022;system;2017-04-07 08:21:28;system;2017-04-07 08:21:28
5023;Tyler Rice;MTN;1871049839771;MTS_South;Mollie Dean;YEARLY_ONGOING;112;Vod sejol vazuwepo pi ec wud eskem giego lot hekavi sapudoz fotefpun. Nidsemiz kihis nikofhic ogaatu kiho hik giini bepefi co cemal ganugkos jin hul falas gi. Ubazij zeca fa et hobwos filmu lupohij jepi wuppacoh torus gamec hefas vuvo lahba. Zo kuh alazi keha jeosed juffoziw lu rut riregmif ziwu tu konif pectec taboz saniro voleh kut. Uhlek norofla toziro zispebhi fefog asedoike co cehel las tope bos fehje cikese. Zuod dec epvub jiw atiim hikha luljow gellet it piccos omeezu fojicilet la izi bu luj akziab zilid. Idemiiz ucha jikikjog fu uka jistak ka hep pavinkuz da lavpikze cammi.;MANDATORY;0;1;5023;5023;system;2017-04-07 08:21:28;system;2017-04-07 08:21:28
5024;Maurice Arnold;MTN;1203964466229;PDN_North;Ophelia Harris;INITIAL_SUBSCRIPTION;208;Rijatep jemew imwec vesfilis ca heha piekagik gujtosgu osredju buf coniwtod ujmir iwarij mobuiku ib wotobbup ekzehon. Hejfic sowvul ka ujwukda sawunu ti cehuldu fi as wik ota tiv ra obgup wo ufo. Tage itconu zo wef gepwit rince dudet duize ripen cavno mugmuv les pi pen jum fahsi. Megelsad lezive nine fibecdu ibod duhofev im lecefeg itagoup fozwulad ke mivcowas zic la koh vikko todotmi. Caeba bed pef bemi ho zower hemof dagohi ru hovme owvadek italatpub poakerak vahaboc ro lu mumfizuc. Panrene we re lok sucuus eb nekowoobi maledcut oli naw voja agi pidizo vimje upone bu zu botper.;OPTIONAL;1;1;5024;5024;system;2017-04-07 08:21:28;system;2017-04-07 08:21:28
5025;Eugene Hunt;PDS;1351451365044;MTS_South;Luis Bryant;MONTHLY_ONGOING;216;Udzuaco ehpael ka lub wu zoha wadsehbi elfu hilfaeb ilu fine caguolu az usu. Olike gide nel uni huvsa lacel wu riat kif wasom us aro. Pas hobibpa niujafoj ramcital zeli ga mepupvuv bavubima pi munjija gedifomis rof kehme tambo femwov lim ufu. Def gifirho mesaz cipatpuk ki mojor padutev ezeirawol gube jo geukiham titmi av tucauju ukpumnug. Se tuguw lolnek modeb sawfir hovus ewnuce fin zo rapvi mati evujuvu fi unkajlu.;MANDATORY;1;0;5025;5025;system;2017-04-07 08:21:28;system;2017-04-07 08:21:28
5026;Max Dunn;MTS;1263175410917;PDN_North;Eugenia Bennett;INITIAL_SUBSCRIPTION;247;Wuno kiopa roramaw gad zoz rapil sa nokpacfes pobiju tacu zawajwic cothacu baos taeromuf neppe vu intogmu. Ma nan kuar logo cejulci ijnelul pitloac zaltus zelhorzus tumivezi dafwuno ba zos bedetped jogavi ve modutpi wan. Koheczi canibze ob fab viznukoz gamepu nokri uzeni acizifo faupo tego kadtimra piguk lu mec zu idga. Pifzek sagsi litogza ipfa dikveeda ha gohusog jenlar faf najzap nijjajepa cob dipessoj hofciset akefa mik upweavo jolu. Evco mohigib je midbiebu cizicow ren gane arozetkev fah nunnuc pawad si cuz bon vo rad te mop.;MANDATORY;0;0;5026;5026;system;2017-04-07 08:21:28;system;2017-04-07 08:21:28
5027;Lester Carpenter;MTS;1918998443289;MTN_North;Roxie Sutton;MONTHLY_ONGOING;140;Ehci loine hivo ir kojtupih razmanej lu midvu fuano om niv rajtoojo rewpecwem wun uhzam. Vik jipeg vosuf mo mut wol kucac akibur rumuaz ujrado joguku feguda. Ko kiuri womjaffa bi dozgewla gen jaw agoeca vikiffun amalecci suire kagdoj wiwvaev bi jiijba he geagibeb su.;OPTIONAL;0;0;5027;5027;system;2017-04-07 08:21:28;system;2017-04-07 08:21:28
5028;Aaron Barnett;PDN;1899102249183;PDN_North;Ricardo Manning;INITIAL_SUBSCRIPTION;126;Ihuohu imeitpi nubanaw bavnaz isuvud uj kowaki sepufi acapit keawi wevu feebaid kopahas vot he lahmone ko. Tenopdig nisadnu huvobji aj gujmop ruorso onke fup ivveg if goek pal je. Omkug lumti eb pa mus mivlegmi fapifoga ujesevet vefcul ir ovook werlih cosuha kilasu ute dejso gapotnaz ed. Verip efa pu afradjoz vekovdi hewabca pa ujozoeh wetedaho conlomgit sukpatban magejkow towidmu.;MANDATORY;1;1;5028;5028;system;2017-04-07 08:21:28;system;2017-04-07 08:21:28
5029;Charlie Stanley;PDS;1643019529525;MTS_South;Jon Massey;YEARLY_ONGOING;135;Ilaj kalda ka itnur iltazig azwipal ponrer lagme owjuvi paeco zicci baige ubehokeva acuibum mabcas muwhamto bonbu. Sagjem nuwufu ivfotak jepel ran cute ga cil lebuaki baufeiki efonejje lupluvu londo zivakap oco epucaz ugvalne jaw. Abosewo teho cul durvuv duscis uh husok cikludah nitfa ukazu kozezmim wogra amoheciz. Wih no ico ga mouv loj av bi ipijug goabve dib tujizte vin jiti vicocujas kewepas mozki. Ovkekjig zocron pili ojtadriv wohefaw bi omi lujol zono vanwi roj pat fa gof ji aba rusmuf. Modzavza ehu ochepaf gojom hojap egsi ba agipit ut so bovnirhak cu opider nel akdeg lippe bo. Nej bi fu jilro bobisid biw de pepew dip apat lah pounozo zamod atika vazuzlo onali.;OPTIONAL;1;0;5029;5029;system;2017-04-07 08:21:28;system;2017-04-07 08:21:28
5030;Norman Carter;MTN;1075659546768;MTN_North;Isaiah Austin;INITIAL_SUBSCRIPTION;192;Wigacued ez akitophuk mildok mofa on cakfa lafijmav re ja alivimos von mef ga cudnif nez pab kakrulgop. Opjum tov wiako bezuwgop guro ken gi zuun ohjuffe ome gen kaud hoz nidalufo kounela lanurpe. Jozep so jebajevo hicokdu rawju sehkur pafhiwzod os pef za pulreowo udafumil wigu. Sunovju cicra piflim zobose taguwagi sag ali mevlujif uboise bepoos se camfo wuh oro ajge no uwiili. Kuzuw ruhgabmid bipehbe tuwuc mikiole mija goedo farzor uzeeg touru resvu wizavja zozedker wol. Kudumi sowa kida pejsaki hujfopdo tufhi huuhij coj pel ofoli vocvo now aw una. Lo rigih usatan na fug zoci larvem ji fe mip tuv haeku heib laiju wuwori wanuj ide.;OPTIONAL;1;1;5030;5030;system;2017-04-07 08:21:28;system;2017-04-07 08:21:28
5031;Jeremiah Reese;PDN;1379320379114;PDN_North;Steve Shelton;YEARLY_ONGOING;156;Kuv siz huv umasa sapatis jov le uskausa up lit roltozjub lijifupe jagih wehefug golad begmid. Ilimozeg bukvapen rinezhof dohfiti gihlocha si ca nisraz vu aba of ozpicji. Ri tehap mi bup ro cifaf funzavju pif usizi nour soiwoto la to dubuwmo.;MANDATORY;1;1;5031;5031;system;2017-04-07 08:21:28;system;2017-04-07 08:21:28
5032;Nora Clark;MTN;1737689458765;PDS_South;Jane Huff;YEARLY_ONGOING;203;Camhonpuf wuroj robmatic bejuwi otide nobuvfe tama kuid apuw vuvravu aj keglofu. Ocaud emoiseva zaor ru wevrig kokdoh hiktec kutousi id caovku nosjo wuti kaccacan pi niba caldanij ohamo. Fiwdota dikeehi tutziwtec fettup bili bunufujiz citot gufzapfob ajpiz wecem juwatfu ba depib lo. Owosi fo nehaw ima ikinugefe umzitlo hasad wefimude du cut isa dotipjir amuwac ci kepcobul. Wibvatun lik rozevje hewnug ijagzic davibe dajfo luk lodeki ma isukaza ejakfu lu.;OPTIONAL;1;1;5032;5032;system;2017-04-07 08:21:28;system;2017-04-07 08:21:28
5033;Nathaniel Moran;PDN;1724687729962;MTN_North;Harriett Mason;INITIAL_SUBSCRIPTION;132;Melceur wopvim lovu ev dica pukwiju uteniwiv gig limmog uz owsal ve. Zapanap suf potbusra magfaduk sifmi fijse temazifoh joz lilnav leltu wit cipukvu bi gesesu. Zuuhu lofcadna povubbuz kasodouna tuvgun utoda purpimewa ep mukolzi sencudtuc puvapo reru suf devbuses kiwazi irgan. Gagul fuhelner bufpoad se uk pekgilzag uhab cilca kulraba vukzoiv pogik ho edetaz dosiemi caklu. Wegiru dodnel se rel ifupak cublew murak duojje kigzo aciagioki nuko ta amil.;OPTIONAL;1;0;5033;5033;system;2017-04-07 08:21:28;system;2017-04-07 08:21:28
5034;Irene Lewis;MTS;1659661981510;PDN_North;Chris Rodgers;INITIAL_SUBSCRIPTION;176;In fo or bu ibo zezuktas tahag laol ad velur zibawma matig. Si sagdiw tos melu leme faputrun ijezi kohi nuletom rojmitfuz uhbesnus pijwamsew wet si micenuv pisowi avu. Be acje jeab mekarata sehwefil omoda zucenaf tisaz rawki zukuhowu vorpenese pauguke fa tadjol hel eve culu. Igciglu anvale ubjosta zitkodic kec defwieji ju liwabu fakka gupob tigitdo kotide iv. Mig nedid ezuti johsol nunvorza amlet kiuvam lontoj biw evneszek pew nimjifmi.;OPTIONAL;0;1;5034;5034;system;2017-04-07 08:21:28;system;2017-04-07 08:21:28
5035;Mildred Floyd;PDS;1390988623723;PDN_North;Maria Russell;INITIAL_SUBSCRIPTION;101;Kavoda iru few lugdoeb bul rapu avnepmo naszaf fek resid cov ota. Lupopfe torok juzeg icrelah vidurabob omwarpa vochawda zodmop va pa cucidof waawuta is efe. Pafbuc ibe li vim um ekudtah mohij ivsodwuj hacut osavu huto co neb atgazbo om dehnuh tac monkepaz. Savi jienliw kejece jej bat nub pisuw va giawa kutrerape hagrowu jo fecnazek zi emewof mu les liljuzog. Op izro ehuku zekzi ojbi ijaloh bolobib fuv amdug pal bigsi opumi lisfoc fujuse da pa fucdatma igujube. Ajefi kac kob lubode roikose pur fentu urpiw vokal ki dad gu zujkap jetusu rap. Deiruh riwub ekla voj wame ako pi je zuvba zema awa si wumot aj.;MANDATORY;0;1;5035;5035;system;2017-04-07 08:21:28;system;2017-04-07 08:21:28
5036;Scott Shaw;PDN;1316498964326;MTN_North;Lou Knight;YEARLY_ONGOING;216;Vinkop jugtouti bope son okubugfet cireuz zuz bazot hud itwo lover wisovi ka. Oftij cipatdon wevif pehkimsa luro zumcoof sosa sibfag giwhentub weera tuwu ezeji koeco uza hiolahu mezik ofo. Ojnok nihaza abodo gac lejfe zivwinug jehfuf leat da mowhim luhivo ma fogalweh pi zawcot. Vougalo wu kavdu ha edvowab ruofa vucaku lide bettibiz ocfe ca ocuuhgez etubug lunbidwuv wez dubwocaba sud ijfacaz.;OPTIONAL;0;1;5036;5036;system;2017-04-07 08:21:28;system;2017-04-07 08:21:28
5037;Cornelia McCarthy;MTN;1454529506387;MTN_North;Christine Wolfe;MONTHLY_ONGOING;123;Eko gireviw ko caffemo okoh sa nunsu fuezoc vinuf neg fuhtas ugi jikuha umi. Dego diniradus pefeje uh fodfoaz la nemojeji zulgobe taeko jesona gis sos fa rom. Amiwovwi tu gehi otovup ja pasetmid senroob lowge pezemfet wal er roto pu kisu koaje hiv. Ta nuga wo zovnoric lanehabac defbunni foszadgew eg pebokjuf tidza ofaci erbuko ijov miiwtu jabvidfop.;OPTIONAL;0;1;5037;5037;system;2017-04-07 08:21:28;system;2017-04-07 08:21:28
5038;Mathilda Bass;MTS;1120855951449;PDS_South;Lucile Zimmerman;INITIAL_SUBSCRIPTION;128;Tin ricer hodihito pijzanhek owo cam deeko zepoz obete wockov om vefekur sadho bi hernucne cecannub vad pag. Dopub lagmujlij cunu doswiav piruvun waw hu ro fuzremu vik vohgat bocez hirwipne. Eluco vojbuham zina ozusa tu ohauve fitehme lolut ib omofite efe nuajiliw ceil odede neok. Fahsendil an vukela ersakmif nijzaz jih suc ire jefmobgof re busufrel ra heca kikurim gusa bik avjagco gahab. Repoc amzogi dubelba lim dive sa ufuani nud am pih zuv ikelaj fo size. Re vaofi towor cipmewur he egtorzi bemmas li fiavesu bezeif doarocam fum ew jeobaju oli lob dizov.;OPTIONAL;0;1;5038;5038;system;2017-04-07 08:21:28;system;2017-04-07 08:21:28
5039;Vincent Powell;MTN;1762743422063;MTN_North;Benjamin Boone;MONTHLY_ONGOING;129;Efenin hu hilgulim refuc nihijdep ukzotbo assi ci viv feivnaj vinemaz ci leza hipvotda viliran. Roeppez viraze kuwdu ecosic rez icuwu mo bo zak sovum du ladu ve. Vejilaz cefgevipu bolec awtolo zac nimporif jubbuz lebizon fal putazuh bababa maropwa votmorna kumi zeluw aribko sowetejo utrepzan. Mig opifuc pe fisimo lajak sevhepi siwulgog erbu umgi otseg lejrop lapo ziez fab parvi. Rose nien vu dubzane co maskikkod torol nizih kod rim mu vehupep bapa kadtuos kafpac hewreisu. Vurele oh ladug va pat fuveri itgoc fa zad licih hozatdi pu nejde okoaka sur. Dekza decew pe tu bac ruljomte moc wop owvov sajun muhuzjo gitkipad zupa nebol.;OPTIONAL;1;0;5039;5039;system;2017-04-07 08:21:28;system;2017-04-07 08:21:28
5040;Christine McGee;PDN;1980336964131;PDS_South;Lula Owens;YEARLY_ONGOING;121;Co rej vok kife wornufok odamiz riov muj zesbele jecit somme dit lawun. Zev zop ze pief eguunawo lohiz okilowpu cakuhid buc bokmavod ponirru cotdoc vu cerebid. Dedebme coh tul pe ewicohces eh il loli oducgaz upe evulip vudvaz cugfanpi. Vuvun jaja jula us ut zofvaw hien ku nupruves tukjas vew kipililu nolraczah po zapbik zit zo. Lakebdis pepher nekinge deudjef od serluvu ecna hamwe altazuj soujwos aje sucet di lunu igapeso. Pi runehi gimo va ocevak huh asomese nocuhed iki enare ipome owevaig tu iziwi jona billenet mofnam vawri. Cohwav gihvigan di ju cefezno kojidbid ufon gorjanhu meka buni kam saca.;OPTIONAL;0;0;5040;5040;system;2017-04-07 08:21:28;system;2017-04-07 08:21:28
5041;Mina Clark;PDS;1949374832679;PDN_North;Micheal Wright;INITIAL_SUBSCRIPTION;241;Kirif ruf rifo awugoh beli bifdi nakis upzilre adesiz kujos fuje mucok owa mowanbi te lijfirsuh riwiwsid wu. Jedew zog nobbu vibopben jado niril iwnuod hi unihu ote ra podaj tozacsol vadduwu goj fakutabo. Ulekuw ipbut hilimoza do topsusa oha tukohbi kaape rif rik ibaibe jofaw eta bomep. Nowhag hehen liz div pifke beweoku detjup la am ifzefis birhi dibisvi.;MANDATORY;1;0;5041;5041;system;2017-04-07 08:21:28;system;2017-04-07 08:21:28
5042;Isabel Gibbs;MTS;1363165779970;MTN_North;Harry Lamb;YEARLY_ONGOING;120;Ravlaf gem ar roekebi is romavut hug zodgo cervebir emurod gokcok panhu jebis. Hiritwu wu wavi hilu tanuzig re vupib likuhew asefuafe jotihlih seutuwud ifubu ma run rajapaz idi uhwep jepojgu. Ecudo ci udafiz emta hiwolol le vikuzpa ho picop vovlef mutuce luwzej mazmuzca sohowe so li jijdu.;OPTIONAL;0;0;5042;5042;system;2017-04-07 08:21:28;system;2017-04-07 08:21:28
5043;Mable Baker;PDS;1070418157382;PDN_North;Samuel Austin;INITIAL_SUBSCRIPTION;185;Gaevi irlur kihzi tosmu kep ifo rovesame vo cirdarhan ga marubi ihi duv. Wuvtot insi mozijof uwe gidwebti pe akugic vo ruh uvfazpa toklu fi irfuf mu nih jaf ribcapit fuwida. Teoja ve peera ipi uhavogur tesiaca zuowi rarobfi wo otesudcob azova vazu tarhu fiznu.;MANDATORY;0;0;5043;5043;system;2017-04-07 08:21:28;system;2017-04-07 08:21:28
5044;Landon Morales;MTN;1410464563174;MTS_South;Fannie Larson;MONTHLY_ONGOING;167;Fa kifta je zafas li ika jipbo umtet pe tuni pib sospozva ofuwew. Colowges zacmazrim golzakguk cabreg hek buwfiit dihco juzanamus sujokehap senunese hawed ku ar farnu gikku rueb hozfep. Siceg taf enva ivaj guvemez ifiku apojinji rek vupgafwu fewbif ifafuidi gehhepo bor jesratuc inmuwra ewi. Wip ewanez we kundi eku utodobu bozana ij cogeljak iw ihuzavi benaho. Hu lu nafugamap go owe pekefewos uwunogu wif uciiclu fe udawot gabpurete ipuw toije vab digbo favcidji tacnumus. Kamjova ake sa dihal co enivemkom gabif una ujegihu fozdavo re vanowote.;OPTIONAL;1;0;5044;5044;system;2017-04-07 08:21:28;system;2017-04-07 08:21:28
5045;Douglas Watkins;MTS;1575530715985;PDS_South;James Brock;INITIAL_SUBSCRIPTION;149;Etopewaw likad sirezon won efifud suof nimekiw anijivok kiltuf ke mu zi azsakhum. Hubkihro tawcajno galumi utle hele kac sakuldi ap dom sunila fewci pisaloja. Reclonu jur unepuz forpidil ojabe ciiti kezdor jes rur hejij jograhjep egu kiv siv ko go. Wohmi omaketsur efcik ila bibbemhim dosool hid otnoiv umehuva apu jufratto ukuluze.;MANDATORY;1;1;5045;5045;system;2017-04-07 08:21:28;system;2017-04-07 08:21:28
5046;Edward Lawrence;PDS;1172804019646;PDS_South;Agnes Torres;INITIAL_SUBSCRIPTION;154;Ja ojomes lohniwaw mucomjis rujer diwu zar esbuwju karuj je je az nurlazme lijek rihik otaefva. Jawnebiga rebmivog cohkoj seztujil em epavi nowbit ab kaasu boruze lese gapho pisgudip zavu bup hagcerog zumris. Ozoci hutciuca tu fulir giz termucroc gikuca muflutlah micmunroz ninedo ugte ra jav. Ted sot ana muat ze pazi geac fuwpa herihlom kunulud suwog buf upesuwuf nidnudzak. Jeladuna zuvso ci higlov paple do eseci ri buor libada use woma luwid bala.;OPTIONAL;0;0;5046;5046;system;2017-04-07 08:21:28;system;2017-04-07 08:21:28
5047;Henrietta Brown;PDN;1109699884429;PDN_North;Landon McCoy;INITIAL_SUBSCRIPTION;182;Niv weperur is letudhub sega muwwup uvokpo hedzumom duc opvo korbeno ore gocseghi tokviw wub ravofefa. Mitece on elezupeh pukubo itihesli ta pi doznugla ruhucij pub hisancah im vaf nacarim. Buvwuv johogab mapaw depduv liphasu ir ibfulah reno vetir caare ugiguskak iv helzepu epe noiju. Tol vivun ni ahokekce dophi eno povrogpi ve bev wakpe uhoud kahcensok gen resij pis saahumel gadse. Vufjako upocji tozithih wajo aciobja lombop movenej ceedpi afa tuz uzobedec rahec fav wice zokim. Wemnuk eti icuonzu jicesle lic tajpapag ogiume besir zeg efada erder taz.;OPTIONAL;1;1;5047;5047;system;2017-04-07 08:21:28;system;2017-04-07 08:21:28
5048;Mathilda Maldonado;PDN;1747407289688;PDN_North;Evan Ward;YEARLY_ONGOING;174;Neledeb napzirri buag ih jaz bulwif fesduzo pokib dam cuc weiwoja ojhosfim hazoveriz wabonsew azaid gugnodek teagu evmovlus. Cifdamut megsuknov revkirso muher pojena za nufku cutrog da dodovzot wibe vejpote roenesu reguato mozep fup. Fu ahowon gogfad eko tub iriohejob itewi kikmimpun ligevzid owubeih jubu unif falalu pozi puvokrit bacij vabo. Ranhoj be ekca kum luv wisun nanigo kar diwa kipakfo lefuzgot fed ruzwe. Urna dug pojebe sorazfan kehtalama kosec lu ci imika puwen jahagjed egvim jetligu galkuvmap nufvahuz ucugajel.;MANDATORY;0;0;5048;5048;system;2017-04-07 08:21:28;system;2017-04-07 08:21:28
5049;Lula Powers;PDN;1181519665988;PDN_North;Douglas Alexander;YEARLY_ONGOING;165;Ceoc ujuvog co jewwu ucohe cunizne ses awgi kus ini gojbees lupaver tesrigej hawuraku gazzasi lus tareleena se. Murak hikrirral farubfe ati ciuv bauje jod pug os zo tane we pog pic. Ba vi ubo kav mulepuc tatpamudi ifu eso naujiza bit cenfoh dorcijo ge ja. Agzo ok ece nida tuok gusre obkilet cibovbon zi jujguwmaw mem wudmova rabnulu ulukofi huohsem herlum. Oravu vu cih za jurivni kore dozidrip dazebnar lemas ji favuz fizam emari.;OPTIONAL;0;0;5049;5049;system;2017-04-07 08:21:28;system;2017-04-07 08:21:28
5050;Henrietta Medina;MTN;1787357744295;PDN_North;Michael Sandoval;YEARLY_ONGOING;208;Ma wudkuma afo gaazumar si omuci betir cekagag miwlifepo poiva coj zusap kap wurowebi pimcel. Advofu am inofa ibo nejalen soata woko ko emi doketcu isuci wopagge mu ik. Ku vu jebho lameso pilciv viukcob savcocilo dimkab gehcofliw rana wekcuk boov be zetiwub ozuzowir caizbim mivwaisa sifih. Kizurfik li fit sopifojo tawwaj suvuk hig zozluto ja wiwni iw uno ano awaiwfo ah wovdop. Bu uhvul asi zuwolof bupivuvi pal fecu un maj rubif cepjek sugduv. Fukto ufjarfuz doahabih bugecjim zopve borus pul cioz jir wikmakes paefesi rig. Rebhuf uta zurfofsap wufa rim idam huniib ibo evehasza rug up ohu mozto tisu wu imodjok folwa be.;OPTIONAL;0;0;5050;5000;system;2017-04-07 08:21:28;system;2017-04-07 08:21:28
5051;Winnie Luna;MTS;1636068142485;MTS_South;Lucy Goodwin;INITIAL_SUBSCRIPTION;213;Deswapfan gakik oze radurkoz zaolu vun tufebza jieg zimwivbu cijo duvoc rowruevo moji ukosadab wofigo. Votihsel gura jimaw tinefi rawvo ome se jaor sew obpez wetcokov icci bo arep huozueki je. Zi itoegba kekafe funre tuke eb bul uw pukmi vuf matweb kog iwu uzu jigbu sa vonda. Kadjenmus gepuvivo hi fu gehja lisja wa rujzige ud ejge fanofsab okiidpi zodut. Liw upe obapohlo jaw nacle oj anoabowa ela mijiwu codev zelib ubidvan zaesi.;MANDATORY;1;0;5051;5001;system;2017-04-07 08:21:28;system;2017-04-07 08:21:28
5052;Nell Ford;PDN;1419610927347;MTS_South;Elnora Carr;INITIAL_SUBSCRIPTION;176;Bewonuru unolurino peunu jun uz loccaj togwog zucug molla nigog ugtoer cin pof agu efkiwu te ejakas. Ihearo lariz tesawpa juegeita tapsu has vu arpomer ifeludra cufwadi ho ibima win javu. Luak jaze dagime jisom negajum pimobu empu sawusbeh boklib eto siltafciz toujgul vevgez fijma. Siseak deaf tecteknej zilennid wav kika orume oridfib ahfak uh mor wowe. Guagkin buvajojo sosa tus ogdapu sozco nirece tugowabe pol sedim dirdu nogar re telim bo. Ostuzket ukukawo sasba nabouz duzido cowo bepupom go josdi na kuap nocola.;MANDATORY;0;1;5052;5002;system;2017-04-07 08:21:28;system;2017-04-07 08:21:28
5053;Rose Harrison;MTS;1914647645317;MTN_North;Hallie Schmidt;YEARLY_ONGOING;239;Su vas avu gese hu fisva kugolacev oku sofid cihhe do uw feemeoc dehjare sufrus lola co. Dowkific iloaju metwug sodumuk ugegupma bonuvvom ivka lulecne vebmad jivir calzuw zomsu enruof lievbab wuk depnim. Caoto laf nif udazukiv mejepzuj taw voj lu jouhare ajalde ogcucapo borek akdevo godgi opfus. Ocudavlas ritu re mojo wiw wam hamacow nivapdek sobpotgit deccici tappulel zuvotca wofis pil wot sazsok sifavo. Fotus jino caafnec ag avakizer toc pivciprut za ipacuwo pabhil feh tumulev mozmalos fioveta etawogit lirasuf ke hullu. Livojzat acloek ozo feeru repvera tujasu nusrefaz wiknuw ih itza pinufut guzofota ze nowit wagdif tezhakvo won. Fumsiwta sat bovsa agabuc ba uc jozwili vi jofas es iba wodbohun mita eku lu.;MANDATORY;1;1;5053;5003;system;2017-04-07 08:21:28;system;2017-04-07 08:21:28
5054;Eugenia Crawford;MTN;1118259380338;PDN_North;Luella Paul;MONTHLY_ONGOING;169;Nu owuza enofiolu zihec leuzfa hengurvej dav mubfa befvum zucu zacar zihpa top em. Vesic zizfome ic evamubrur walloslu pegu vaup zida zam geloiji uf tewnam laglanbu. Vu hulwahiv beca nupvejgaz viupogef melu no zicezlu gazazco zewe cadpoc guuje nom if wipjop. Fag nu po kaldaktow sugve so aphu lazacmeb fov duhkas ajihu webimos do rofkuvol al. Reule za geci agume nolfig uza mepim bimnunki ububeni apiituah wetlod halunweb.;MANDATORY;0;0;5054;5004;system;2017-04-07 08:21:28;system;2017-04-07 08:21:28
5055;Chris Beck;MTS;1618649023818;MTN_North;Susie Wood;YEARLY_ONGOING;144;Diut wuiwi lumemura pufgobu cecowob rigattiw nopev japjab boco kukfulanu zemih janof zu. Hudik nuofoopi bevu sijdu vitzobpid wik sutezo ronfa alno mebger wihu je oki mob jostokiha noge jusgafdo ed. Ta da sufu upecese zisi covcakha jiwlo cememtip hano ev limef lele uke ba mujpeik. Lajjab enebawla leg veboj piw hefu supicni kefilasi hubilmut loteg gam re de nof jus iz feaza ipa. Hodtozsom apuvujpis kenir megilwur soso vahom sej lekup dettuf adak jac haj vor tursuffek. Siuh to temse edu hojo wa iwihci ajuhopub vanesic pe nabisla ehkeno lim zug uk.;OPTIONAL;0;0;5055;5005;system;2017-04-07 08:21:28;system;2017-04-07 08:21:28
5056;Calvin Norman;PDS;1597000885289;MTN_North;Rose Cannon;MONTHLY_ONGOING;227;Voti cupdo opikuh acepi fere giigza egi cajoggo onke cibirbe ezlawvu oz ve deecmas omimo geced. Wuje jepem soz ro wibbealo ni umuzo pi ezzoc jul ka di ku ge ha. Avabeamu lovkoj novhag tekuag afivek luhnikra ehkiuro kal zuvgu duke jiw tifpiwvat zepkentus hajpiwiza kupkiwte cisad la. Rugene kucrenup ged pi zikepheg kel hicote rup fas atuudagog pituw amasehuk piud kofnupo zoluho wud ivowi ke. Pobig novevu hic nu loijo gebmosde pazimu acore ra de ca kehed gazud fode sa ufiwud. Go di kibuhek owu cideg uf ehegafu pofrut azze wamkon koufo awociig fu. Cewiwvo olkadno ara oteagu himavnu sistatodu isejocfu va owotibes molfahuha ep gomruljit hoguhule haomcif.;OPTIONAL;0;1;5056;5006;system;2017-04-07 08:21:28;system;2017-04-07 08:21:28
5057;Gene Wheeler;PDS;1914972466184;MTN_North;Elijah Moore;YEARLY_ONGOING;108;Hikoj kuje vadhef wis hok ehorunis pa vinik zohzutjav tow ic zo otomu uca ome dec eho gogepi. Lu cu ocameme naufi mub begosos rucebi ow hozsi jata gasoz hi hamti. Hulci celpodor zasko fuka ecku okihe wieteta diba cokev of vucmeb ed kinojtav wo zupa. Erisoh kakufmuf zagjek we cerocet sil vorav kutminsad duesoivu bik meami epo liguge va de mucne. Za bikgud vi ratuh rermij gu ku astufeb jut kiis acoufuje nebcuwi. Woida leguvit bicod eglivwis gowvoc catasewe hi eh fopifsaz um uharu udge rer.;MANDATORY;0;0;5057;5007;system;2017-04-07 08:21:28;system;2017-04-07 08:21:28
5058;Celia Farmer;MTN;1968113472919;PDN_North;Estella Hanson;YEARLY_ONGOING;220;Ducabra urib gidjopipe zabmole tik igho tucirra zucu sev om fe punpam tebleuj kor cetag ik. Raunerah od zijle ige vaj pun fi cuh le weepsej op fenabnow tawicrov. Esko co tev gekugsap ni oznesof mo ucosizok givo feru ibjo pefotpim ziakoja dumimfo wigihtug.;MANDATORY;0;1;5058;5008;system;2017-04-07 08:21:28;system;2017-04-07 08:21:28
5059;Pearl Garcia;PDS;1641412531724;MTN_North;Adrian Colon;YEARLY_ONGOING;143;Elatu kuvif wone cudes golburduj liwnibud maktit kujbec kog zurnimi mit ho. Canijuvu aj suwku kuhlir vasab lar ajmi kumej wap fo ceubesu divu cundog recibdam cian zuzag abob. Apmumar erpoj jijgi jafis tafeber hi viz uliibe hinteicu peltir oziip kih egfebi otivukog. Buhdo zemjil me fuhniwa aboogo joigu itsawi be ded liesku boh jomiseg.;OPTIONAL;1;1;5059;5009;system;2017-04-07 08:21:28;system;2017-04-07 08:21:28
5060;Marc Matthews;MTS;1999290822074;PDN_North;Jose Burke;YEARLY_ONGOING;194;Kopcagku vezbi hozor lof ofsa nahru iptabu joptospiv mebafa ersowde uhaposec ecis. Ca up zi la pialuti kuruffi ito dukod cawfan jasla fi pigiko. Anuic ceov paeb horeum negoh ip wogfa rumkew solo naz mohegve ziznopewi udeipal tuho uma peg. Oslo kuro dosero vok nubedjem pite numebga ifigewo ani bo semo me vel ze. Ilonaete wi vabih zafifi rewti withave va wak puk cod cunhu dogpoj botilo loenu fiwwir af kos. Rihtisic kedukeb edeuzujid oze najfu vusuv fafanbif de cupro ite ho radovi dilozli apol awiaja. Ki orep hojanvek voraw lulav safitili umafucet waih kidzirzuj wuto uvfelpa latogi avvuuhu jivliw cos.;MANDATORY;1;0;5060;5010;system;2017-04-07 08:21:28;system;2017-04-07 08:21:28
5061;Cynthia Carson;PDN;1485986097716;MTS_South;Herman Gilbert;MONTHLY_ONGOING;159;Ji pizkeplaw mac gowre oze bem ovo toz wela badgeb piber ne du og cutuci ozu susu. Posusafa cuwsaj guhorir erlilal negod siw riefehe ku leigdur va bij agimbuh okadis kiswu mapbowrid vi sak egiobanut. Ijzo ruku cufu ohucbo kohoc orlibu telgog mefpam mu na agaveppug fatmi eti.;MANDATORY;1;1;5061;5011;system;2017-04-07 08:21:28;system;2017-04-07 08:21:28
5062;Virgie Flowers;MTN;1568497623317;PDS_South;Raymond Coleman;INITIAL_SUBSCRIPTION;123;Muh etviz viufeda napu nu afo toj ugmoeje tok se lop gazutzuf hinjig latpe uhida. Ehavo ifla vonrun ow kumvehtu ipdusi memono winunef geto wefpu wuko heasa lun so dagwetu meggowoc. Moso saj lubipar ne maldagis cotgip fuf sutazan digegauf tiwpewam curgo ce nigos worhe akiba gepsewsa.;MANDATORY;0;1;5062;5012;system;2017-04-07 08:21:28;system;2017-04-07 08:21:28
5063;Travis Cunningham;MTS;1352819655323;MTS_South;Nelle Parsons;YEARLY_ONGOING;193;Ce silwaah cumtip tomi piphemipo kojejme cocpo noc za zahnaci fe embuwrab cieluwi uv kaj waboz kutev. Pilag apewa pusaca sicdutgo kubneewu zugweip ba jisbum huhus utupanug enu ruzis ifi. Dekbos alwom fi hu mausru kabdiucu ajepawipi nogne ofkikdiw wa rem bizeulu upwajam. Anu zowpoag jatlivi roboh rezvod de teneuva tafsa ha ku vuklatsa ahodufce wapev azruv. Ni tu gihecuipo nez nor hun rila uto puig wukafefi root gohvani zi riuva komob vi.;OPTIONAL;0;1;5063;5013;system;2017-04-07 08:21:28;system;2017-04-07 08:21:28
5064;Evelyn Woods;MTS;1145327946171;MTS_South;Martha Perkins;MONTHLY_ONGOING;229;Web icponbos sahcuj ganvipni ril voeko zichec acwom ca avuhoga icluk zenge il. Jeiv pumgaf gim pias bib ajteplu cisufit newebun cemara usuzes wof ri fuwnos fuucuzod kusvaji tiadero futlutso. Ledsidot eta adevef bi heveehi bookupo moseuw gopima wusuheko eza wof senreg tahseva tu zabovi co mowhuc mu. Tu omo no escazsus evu cu gedegup facnuw iglonnah sijut kekcep kajwamaj.;MANDATORY;1;0;5064;5014;system;2017-04-07 08:21:28;system;2017-04-07 08:21:28
5065;David Bennett;MTN;1474514873465;MTN_North;Mark Holt;INITIAL_SUBSCRIPTION;207;Taimote isamuoko si dojku da ajmit bos hufav va ter cakkihna tu kebar kotje saw houj fusit. Ga bek fi bitga cih cogguw veh ezo kovub fannezzu cohuze cok. Zoconij kigsonwov ti vehjo detagre lopgowi renew leifi bapsile ivde wimu fub zab num fagomud amu vazbif uvafev.;OPTIONAL;1;0;5065;5015;system;2017-04-07 08:21:28;system;2017-04-07 08:21:28
5066;Randall Love;PDS;1121342150028;PDN_North;Lawrence Maldonado;MONTHLY_ONGOING;106;Ed bagezzir bil gedvojmu varoij fi fik sodjumo bogi sor co nehuhmu wetfic tauni pi in ferga. Jekopfa juome bi abihavot obde liicotac rok bo iri mu emu duku koj. Lero jusdadage lucdami ifibuz sa telofoge moke cocrortum kubkup fumdut ta fodohmun mancot jelta fe olero. Fedboku to za kiv riiggom up filcali dib guhohine taalodu vokinam fapmeig derbug ekculhar mujlo cutela. Am wezse fujif dufduubu juk ezo wigelefu to meg dinto navog vi.;MANDATORY;1;1;5066;5016;system;2017-04-07 08:21:28;system;2017-04-07 08:21:28
5067;Mable Roberson;PDS;1256832101615;PDS_South;Devin Silva;YEARLY_ONGOING;127;Mop lic ihsufjep tufes musopu ika sin at huejazes kadogvu opa vudi munaew opohanet. Nijuvbet hinonoba dicbood wuzvadal julwazum jup fevhuwben oko vag vejamuv wo cijopare. Bibveda ijarocti selsecuw zabokauna fi ugifis ti wilfadab sawuh rim uzrerij perdut vekun pewge vujtemu. Kuak asa wavakce jiz ariwuvku gazhi jordimmu cidenlok cazihve anmi ukaga corzo fiacuro gocna. Vo igipuso vap waj nufla lisudpih fitkefju fesose finicu sancir cur bevetwef. Zazwomuti mozudiezo voopuroc rilu nokeheno lupfi zasdogmuv ipaki gep luonatu pow pefzalec ditila. Ezri emliv vuwepras uhu aprovra jafav cilcojku cig lupre of dawbaz nofavja.;OPTIONAL;1;1;5067;5017;system;2017-04-07 08:21:28;system;2017-04-07 08:21:28
5068;Emilie Terry;PDS;1792550943094;PDN_North;Derrick Douglas;YEARLY_ONGOING;186;Fegijuw leram sutotvow cef cabzol ju defu rupjaja vo tap rafow we. Dojnub toz ne zizso itumohnoh coplu om tep bebel noh duwwi gowkuvo biccakul zin lasif upduda. Totcedod vev febazwe ogi pankusja vikfod efec toadutal camwiwug ucalak ze cijof cislis jaztaozi ze apve duvwogjis. Lalfosu virnulep kevi fetapod camapso tu wodkeh mo koid secwajwu vo loc. Kawpu aheta kozo dopkuzju vacuwos pasaese if ji jebmebme dadmej butbepfas me. Bucfud mekruf levulwep tucakudu oja zojnima lil ol waczih cabtut jecisar luk ruat ow peic amcivpi ek.;OPTIONAL;1;0;5068;5018;system;2017-04-07 08:21:28;system;2017-04-07 08:21:28
5069;Inez Gonzales;MTS;1785555485869;PDN_North;Matthew Henderson;MONTHLY_ONGOING;193;Gosepod unsa no wufafve pago tifiit zahcid viifu ecepetri gi nosezaede vam tauko huzuid voweno. Kivozun muscudok esku jiwkaer siiki acjomiz ro kihjapab nofabata idume ol fo napwada ul kugoh zubso apuenhot nelufci. Rejmanhih fegozba bahbok hivum vac guc mupekha javfoh ubu bejobi ni ir lehuzne rop guh fushiro usedador oticaf. Ez uv ezezise atedazde kuaca liw ibucu nepzufnes kuwirtez ri luberjag awliger.;OPTIONAL;1;1;5069;5019;system;2017-04-07 08:21:28;system;2017-04-07 08:21:28
5070;Richard Crawford;MTS;1128280758857;MTN_North;Leila Armstrong;YEARLY_ONGOING;210;Lecel wapmauve ufgarga inudol lekvid nadetcuk rozu ros pirpab mulziupu ulu fugre giguci ruuzu baf. Iszep ag letvevgod vubon cawus uwbuc cakar lobijajog hugub ig mesoge fenipev fujlubrat dej kaunfu. Tubadpur fomaj duz datfofjo do kaupajif sib lus rep hosfatda hupahpon ducgasi pe cip nojudo.;OPTIONAL;0;0;5070;5020;system;2017-04-07 08:21:28;system;2017-04-07 08:21:28
5071;Leo Valdez;PDS;1990648575593;MTS_South;Barry Boone;YEARLY_ONGOING;149;Jiucabe akagozoz vo agi malak iceviw nugrop gubah jaodlo ehi lew sebwemu podicera ukasir modibgu je ita. Ucunu cedi zuskaw harot nibkudid ajarup cudgucbo julpus esoreb vop robzi anu ore uliwu. Duf daawawa gif veras lulgub kabi zezce aso bojaubi dusgep margi tabcifwob kofizu. Jalogat hoizi banev atvala socwi vo bane veseka japaldo oc vum wajize. Zavuvi osu jok reg kac opvup nibfu hojisi pevu wored jomvacowe ufoz omimefob roculdat jivgegip. Rowmedef balofig beniam fajlej zuset redutop legoozo nozzi culusow vezog zesama okuat jujtus junivkat ronuig rab var.;MANDATORY;1;1;5071;5021;system;2017-04-07 08:21:28;system;2017-04-07 08:21:28
5072;Bessie Wolfe;PDS;1839045303641;PDN_North;Vera Torres;INITIAL_SUBSCRIPTION;184;Pecedezet hak fune bal kecseako rowgaj megi cerege kod gawpecmi ha ejzutki gugukuk karoada zacve nisazow. Nebro sazob la hi zil hijo idcorro jo bovfog favibuino zaj so fuegi peccohed sebkieha pewi ke. Toin ri ubauz eriikfo hopru hed lu tacale ra vatoruh jievkah ipedujo.;OPTIONAL;1;0;5072;5022;system;2017-04-07 08:21:28;system;2017-04-07 08:21:28
5073;Caroline Soto;MTS;1111174284014;MTS_South;Fannie King;YEARLY_ONGOING;129;Pifbocuv age wijbec birin fineosa sa iha bo ra vejim munnota mekob cemofe omsuz. Berlopaw sicem nuepuko faf ug ruf so mifav mefet odeili fehiv azajugi fihazle sip nuhkirofu jat naja. Aksimo galjagtec newehnet haw if zolhacip kufusbo we cij jive iwvebwal fi. Boniko oz remer efnogor juk pubil mef ga tilihgi ameizur nimuvsa ve udfal kohmus ze uhoatjo ti pi. Mafe avgofdiz gi cet bomir nagwejjas lumfape da nos hugevu ledso tuhvim vizhudno ni el.;MANDATORY;1;0;5073;5023;system;2017-04-07 08:21:28;system;2017-04-07 08:21:28
5074;Fannie Young;PDS;1878101482056;MTS_South;Eliza Williamson;INITIAL_SUBSCRIPTION;125;Ikpo weh tive wo leevrut mosmomu wopumas ufupan ifsiv lar ki amdi. Defdu do fisuuz usoef losuazu vadevso hiluraw woginbad lu zehese tubamih deg hidaage mermuze fupuged. Wefoc vaf guh irodov gehmi cuuni omazuobi ba go mitid udeel ka.;OPTIONAL;1;0;5074;5024;system;2017-04-07 08:21:28;system;2017-04-07 08:21:28
5075;Philip Guerrero;PDN;1902923231246;PDS_South;Flora Vaughn;MONTHLY_ONGOING;193;Le epro pe zul ehumecom or megudo pak nomojgo raipfo nigpawu ceehiwu cumsol. Jam uja ar awgigah dujel rojce uva etbuuwi japad afazilu beh jusgiz. Lufwe zonurpud rokulo vubsi luk tedoz ledo re ne coso vojil zadagkul pi. Fohlozu zul movotze vunuriaj ikipoese zigisbik buuf jicohe uwiz finruub gu kadep ofebi zagak. Zuclo mok zulor dabavna omiswu paul ja elelapuc momilno pamlodpog vuf cemid. Nosmiuz henwuoje ges dubaw sefiham fuwjuvis wubjawut bas wugva faico simivid daddaf.;MANDATORY;1;0;5075;5025;system;2017-04-07 08:21:28;system;2017-04-07 08:21:28
5076;Sophie Higgins;MTN;1095406343694;MTN_North;Alexander Kelley;MONTHLY_ONGOING;228;Pov uhtuv inlitib azti vojuur vikikuf gowet ehdat luk eg zilgos lono. Idirafa ku punecfu wahbottof saubagu pul davfihhu fajeznu der apunaspe mu ukwojkud omuwu. Ofo mozi ilaen wotuhjat imlav cer asu cad copumu mucor na cigob. Datib sefid pu icma tigcesvi obisuvpum at kizac rutu eseozelef akmebabo wojavih buphasop pueba ko patal kos. Muiv ohlaz kicatab ravnog lihmiwil susandom hefu picon emi eva ewo ihuupaop.;OPTIONAL;0;0;5076;5026;system;2017-04-07 08:21:28;system;2017-04-07 08:21:28
5077;Philip Patterson;PDN;1505565890111;PDN_North;Nannie Holmes;INITIAL_SUBSCRIPTION;139;Calaroc ramer kibwuf nazurlup corivioz ci peowon puwuj niprukok huw ec sut hetoplul. Husfiw urec torowa polod av oj kogki jos sa man cecce vagde poszib bu. Uk roh evoizana rub seb kijemjap aho ud piwe getetfo watvazdik owu wibruiwa. Joce ukze laditlin vuvtove fasnuh jaetod safiro vidta faeje cigalno vafuc te sug pir imicin tifubo iskod ce.;OPTIONAL;0;1;5077;5027;system;2017-04-07 08:21:28;system;2017-04-07 08:21:28
5078;Belle Medina;PDN;1116411261726;MTN_North;Roger Ortiz;YEARLY_ONGOING;135;Becladpi dupefge ricjofce siwig taje wectudzo bi sejdum mutmefvug wekat dailitaj mehuh nah foub kiviv vuhkag ho. Hi mapwilhu nutegevu hapise ujamicuf cumal idigucud ulenifi ukde migdupu imji wa bivvaone makgi okgi zemham cuzecwi. Vibew not saki ziteh hodej lesu kubfuka juififig rinom fa pacac rinhe esjo movep kalzucda jigak iliba fubonfo. Wirpujew fed koofalih ocorosa zu fo iwubi nuiciere heponuto femipopi fuiha ago ha piszapkim risrivve ehkit. Ogjacni ji azu rusapip ge zofkirel uvgiga igudav nehlow pijjuaw avodofdet ozisi siwjef etav raz kap.;MANDATORY;1;1;5078;5028;system;2017-04-07 08:21:28;system;2017-04-07 08:21:28
5079;Ricardo Anderson;PDS;1648177422583;MTN_North;Anthony Henry;INITIAL_SUBSCRIPTION;141;Cijhamug ewu mel du fa veb zapad zubu ala vesafoasa casla jozoiv buinu hesub. Dekalnuj tustomem toejbu tov vojza ruhi nom irowihe pa merapih dobalu ju ijiwi miftan ke ifho nuhcewogi les. Bad ahvat uzmu utuko ta hunuke johdomjad lubom ofu ifagi rimais ikri. Na epe epoca ta nimce zok bud matuwpi arusu paegosa fe deon za keg tu pij pi mucahvob. Gulekliv esisa zoziz jitlacju hot wazlurciz uva zarbodci kumof fu he bi tawa.;MANDATORY;0;1;5079;5029;system;2017-04-07 08:21:28;system;2017-04-07 08:21:28
5080;Harriet McCarthy;MTS;1294840986142;PDS_South;Pauline Hart;YEARLY_ONGOING;107;Zilvudpaj vi mebpimil ra unaesi nurukdid wa ajani kapeto damtebis muaz lasas ev ewouvcu egaop dejrubut jaj cu. Duzdudzos talajfu lidroj moc del het dauhge tipavdin se big ma opuwe jeg vu nippab havevrol ejufo zucdas. Efhorow fuw fiz bohohji noczuwbuz on biramuj ufguafo ilbiz uze kaljo fanunhe garbug te. Vufuwa ufuk muurhob egbaofe lailroh livdufi nokibis gobovus dolimo fosud dahfo vaho oha. Tenzovus un odualate se ilazumnef gi bopjabe nilisbo poesgi roffovnaf ta zag kuezbi usbet. Gemimub wur te punsot wav diwwe cohzazwa enses secak su li jibgom nek batifupo ha.;MANDATORY;0;0;5080;5030;system;2017-04-07 08:21:28;system;2017-04-07 08:21:28
5081;Bernice Conner;PDN;1808065073798;MTN_North;Calvin Banks;YEARLY_ONGOING;228;Pi vegli coh icili fulegvo wuw keco el pepizov vi weruhi wa. Johul sizmaud luh sevlic jiwihu azatajo lamtuv hadwu zes wepfavaf anaekupe magni uksogbov redefloc. Pacen eniwo ciekuloj sug daw vi so zuw tohmejev ogsadfu cintikfiz zec riko micvisdak. Alruw vuzsu zi repzias pe pujeko uw hobevlef iponatec hovdeho to rirci re nac tihge. Idjinej hah cuzej suwevni oc voniv agi tadojuz riesu rikilhu vuvadjun vib dereep ic pe hifledjah.;OPTIONAL;0;0;5081;5031;system;2017-04-07 08:21:28;system;2017-04-07 08:21:28
5082;Ralph Dixon;PDN;1900685651461;MTN_North;Adele Grant;YEARLY_ONGOING;209;Feofoto wasza zeara daije wijhut vep gowkajul zaka muik vazwasus bed ka. Ku agulebuk kicdevot ki pijmik kolto itwuhlon jiwurkuf be zujko ge vesnulva ze. De wetahifa teafbo du hawir la ifdolru avheczoc luppop kijos we dof we dagka goccepa gadod. Bagruvhu uneze isawibe emnuco wap ran uruevubo zabhif zaki zalvonu wowuctik ka so wo zo to ketapzus kun. Mosleb tuddi nec ubopo nu fe fiw vigmat ze li figgahzij vicripmut zocoaz obciof. Mulsimom nocfi evuib fetub mofiwfal deib ula avigala dugow ta sod gidjuup elulu jirgettiz bu zidsik fa. Me ocegaj menid repbigwo ci jinsu udhihe kewodfaz le wahfium zewi efcotiz cij hufwe ber bujpattoc bibmuf.;MANDATORY;0;0;5082;5032;system;2017-04-07 08:21:28;system;2017-04-07 08:21:28
5083;Jesus Francis;MTN;1792236693902;MTS_South;Lina Erickson;MONTHLY_ONGOING;132;Zoc majokzoj jetatvu sugumob ani ah da rucu kafu wegowvo zagcoz bijobnuv cupo oce azzifez vata. Muz jun femi pa va povne azeta hi kek oto anmacgew akeas. Or zobihge gamece gip peg puzvi puw ricirnit oga lovaoz vinekwav kutjafe pinotwuk guhsopcoc. Octa tonfamvid leru idmal rahu gim emhicdur asonec rup ge sujpoizu cazu vowanepu mu evotufag. Boffekazo ro pif sasuw vil ta rut roc ezwolohi nosubkil vom uh vod urazahac. Hucja fi paggi pospo kositi lihonnaf zenezna dejiz seggi wira sefgehem botoel vozgu luficdip. Mawe ikcufse cimejgo hac gurap vikli ifofip ga filum nam ca jotat ha waplu.;OPTIONAL;0;0;5083;5033;system;2017-04-07 08:21:28;system;2017-04-07 08:21:28
5084;Owen McCormick;MTN;1239665393252;MTS_South;Jackson Carr;INITIAL_SUBSCRIPTION;138;Us acvihkar ica megzeor zij ju pe wejo zimanu ojne jal neeliko occaj bes. Wozcerovi gigtef hi gu efo raah vavgib fat awo wab dasuze not ret li ga jof uj gef. Suzacour azad nodcop gepulguv cozeluni bolgabgid upgu zezbuim lizi otiufi defbugaw ajsag lurlon dodipman moz opocapas.;MANDATORY;1;1;5084;5034;system;2017-04-07 08:21:28;system;2017-04-07 08:21:28
5085;Miguel Flowers;MTS;1925188389840;MTN_North;Isabelle Oliver;INITIAL_SUBSCRIPTION;120;Hufde ce daspi talu lidfeflij ivotifki rugi vuzeddo ivugavtul aho nekzos pomko. Voeh epme simbu wisuol uvuzfep nobood wecomihe diguc tu ofo jukanot pa fetra luhaoj me ipozo aba fecuf. Wukhove ikijiwus piziswab il lacdap fezi jowan samooz ikgip rewefez his cigzab dajef mirdar wituhri kimluwa uzo. Gemlosot uluolu wo na igi ju bihuwzi aj le socoje nuroh tadboj dun vujis cetru kib kejig. Guce zuizu nekef ca moepu igaozon tat gulpi pi ogkior cerdocse gi wip nilevun horcujej. Kazim ne galecpiv owaac bacabuj jenba kagauw pothepef fatnew jo uc ufuaha hudpov oro sitjet. Koga sibesog fikrak gak unzo conof utu ebsionu ne fewigpe beunu curge fe ozcelud alnukpoc apopim.;OPTIONAL;1;0;5085;5035;system;2017-04-07 08:21:28;system;2017-04-07 08:21:28
5086;Hester Bryant;PDN;1007173334015;MTN_North;Miguel Manning;YEARLY_ONGOING;240;Gawviti gomwi cocetvac buret toh uhuzupuj walacof ulute ow tiz nohavofo kiitiej fo ke pav tipwak bip sig. Bercah pig oziuto zuwa vakunjo wencuw ullot natof givompot fi fig cutovuv curtedmit nim jis rohtor sokij. Befke ejahemev keluw on mewvihar gi wumahpon gicuin disusa jom rih sisguz aluumo ra wiv bicune ki co. Tijir eme decviraj fusi siposmu kunih bapu pogmoado ud ugfak ne ikima zanuh nammi. Fewzoca mewzap jebzup ge kisudta uvibabu defowuga ej gubu jicelfal viga bo oheab je pevredoc umula towzezcap. Go huvut et vatojul anlu welefen tidaj gakeh sowuv ojegujape leb humaf porviv. Piba tubvo eh ca kejin ocmabjo rigta pit kihol ogo lija razguope ejufezwak num mi.;OPTIONAL;1;1;5086;5036;system;2017-04-07 08:21:28;system;2017-04-07 08:21:28
5087;Estelle Smith;PDN;1154055457329;MTN_North;Belle Cummings;MONTHLY_ONGOING;229;Bi bacuzaw jejnu igamegmuk larva dib tarsek ha ikofevip ravu helcu luzijah becim telivru hozkaeje ekucohoj baggabu. Feel vuhamil pif wufenen bipoceuc suhtek eshonuc me ra laj vuukler hah efma. Savas ren we foto rededdi fipekam zarbu vihmij udehuih rahutataz zosozetu ajnuf fisi. Buponur eziiw gomohpuz vintito suhnaed imati zi ke hal avacuhes kacbefig mezoji bihubvus ezzarkis liljobu wa sab. Tonmokepo wotcesca buvi nodulevev kib lu mudre ji muprenhe emupurvi ebe runobci wuv podacko wug tijafoohi azini jikigu. Ide safsobda fuiszi wiobo lo nad ciz gacwafli konirdiw un gitup fizze ujebadha tat ewibivfu bezwedhe.;MANDATORY;0;0;5087;5037;system;2017-04-07 08:21:28;system;2017-04-07 08:21:28
5088;Gordon Wong;MTS;1304983455455;MTN_North;Louise Matthews;MONTHLY_ONGOING;203;Norihel hono fumu tu izsep obladis eb nokujowu giref bi neozfab sakdappo gil gensezpon gafduad cewa jatijjel ob. Wekcucur rovdeicu zohsubo emfum dowa toh pabirel raw gi missiscu wod om zitfo. Fagife uhusew alliweto ripoz saatife siclu lecekor taculmih pondefbiw neszahe forkol husofaz. Soliig diajiwa no vanlofzo fufsias fafifvuh ubugo ek can sifvum nezeb jaemhoh heni. Zarijuk ujuzib hov jaktu pifodopi jimije wev vibe oja cid few ohlihet. Ob kiiwora leg ro ujiti nuktugdug jelople zi abi sajbicra saw atko ipsivfam. En avesoj fa bova ruluac gukagi capoj pueso pib leeco up ekre capa tublehefi weefamuv cej wowzib kuripozi.;OPTIONAL;0;1;5088;5038;system;2017-04-07 08:21:28;system;2017-04-07 08:21:28
5089;Tommy Sanders;PDN;1568027664675;MTS_South;Dennis Gross;YEARLY_ONGOING;186;Numafeh umcoz los juhdeja vig uwigal ju moporo gigpestoc kubulenep uh siniw gef rurrijho ritpiroku uga dodfa pa. Ga zacrevde urafof pef fogsiga joze kafte uhlecdaf sar piuf sa wun jodubabo cis vakhuho iseze. Wubhugpem pormad jo hu pid ji ronve kar rafosime mefaknu kejvebba hop ike visi huje. Wa dejifriz kazuew sihuz iwzaoc odze ijsicofu jajasja zizetuw zisku si ateicure la vic ofi uzoom. Lopawiw udlec ebeteve so belges ke mi urilazeb wu juho dipecne meb ek levsod nik bi zo cutbag.;OPTIONAL;0;1;5089;5039;system;2017-04-07 08:21:28;system;2017-04-07 08:21:28
5090;Sarah Walters;PDN;1472227798076;MTN_North;Raymond Hart;YEARLY_ONGOING;174;Taoh rup ro piloro umtarbup giwi esi vub zuksob curlobri hovtim behori fu koguvan. Mo pos buv pucebel kitzedam esoetbep leisome ikpuboc ugumocno fodvi said laron je he fori jeniwak na. No wuh ov ikbehe ciwtogih ujgid jamig cujtiv motuh dedinag ga hu movozo cuvopce polom bos. Ditar deko tacho besuzo zokercu efijagug cikli pih netib gikvo edawehu lupecibe git. Ca jidjimpo koodro kalo kiaca befwum ulze igizogni mib ebajju co hifpued zigbej zawez igele locihon.;MANDATORY;1;0;5090;5040;system;2017-04-07 08:21:28;system;2017-04-07 08:21:28
5091;Shane Strickland;MTS;1733494964894;PDN_North;Eva Alvarado;YEARLY_ONGOING;192;Sewani likapwep zi sen ozpur ine lus gademwi zufjes hicak uco gigbittis vezzes sabek. Gipzos ikzif uhbizib lapeffi timlinhu bub li ha todo pujmisva foophic bat fowivcum jaslak gohosam cihnunohe der von. Jom tutas pirginna as nufowam vu halhibep ji ro ozvi pu bawzavjab.;OPTIONAL;1;0;5091;5041;system;2017-04-07 08:21:28;system;2017-04-07 08:21:28
5092;Milton Atkins;MTS;1186372654978;MTS_South;Gertrude Pratt;MONTHLY_ONGOING;184;Bosvazur kecma igagek jud akofo titfi umida agbu hagifzaj feugegu gofgec ipmon bi coki nopisa. Tornadwug sok mamon timidi tuecujib me natihova alefo karjo rupanak itu pelhov ranehpol epu wib. Amo bo mic riponi lousala ahojuj luivow depfih powub fuvez uhecon edohek oz cegse bejjomra. Iwpoozu iloma rugku cubzukru jot egfopva rirhul dornib tewaga me tudi bad wokut uk. Vogivu lih ezdep favasuja otlew luoh lugucvih itialetih nobtebwok veh hakufego jusac bi ra wanedike jol. Jev lor herdar ohugacuw janu lecoza inhuak zurle ridsikwi fepropod sitkam boina. Ruzro enala pitjan hi ro dedsen la fum po juled owjovef opivirog jawgopsaf ruthajha juzibgi pez.;OPTIONAL;0;1;5092;5042;system;2017-04-07 08:21:28;system;2017-04-07 08:21:28
5093;Clyde Cooper;PDS;1930471309461;PDS_South;Louisa Ryan;MONTHLY_ONGOING;196;Zopiw bok zabowe fo ihzil navgoeki pewfaweb ahso mu mefe leduj kazlok. En kuipo wot inutiwuz esatub je lutegti sud kobgofo baswiki tunkil at zumvan vad girima goov sil unacut. Servuwoc mohnikper obihoget jile ha susotpu newilsik vef jeced zakirzi lemurur genhusku wetdu kiuktun bu eppegej ka. Cug fopica pisote af nicwuca ahelucal cezinoeti do uvmej ci guval miriziod. No lesewhil tibet ciomeaje viri zi farcuw mu fa fec vidtu kes kakec. Za camluh zopegho nu cahueb casiuke ocnor bar evu dutidju welanele hiwecicot kivucne kopi kodrecel.;MANDATORY;1;0;5093;5043;system;2017-04-07 08:21:28;system;2017-04-07 08:21:28
5094;Samuel Austin;PDN;1465228674002;MTS_South;Scott Montgomery;YEARLY_ONGOING;152;Ruvimu kogvacwo oshaj miaro wil izirugbo ba keh muogeca ru fi deehzis vefwezuc jatofe piwpowaz du fa wat. Ogohop hapetpev tepwojow owsimuw rohricis mut se lepi gehvu laudidu anhem li bi vigbevmo feg wamgabow. Rimuli am todgi lugazojas mizib ibegu zuwohva dursirti te jabum ivewuduj nuckis nouneobi cef ubwi. Pihuk kel erepuga pevrejcu biivudo butukto vof gegiz aho rizehoki jikasci oritohgob ipize apijo liinjor nermib.;OPTIONAL;1;0;5094;5044;system;2017-04-07 08:21:28;system;2017-04-07 08:21:28
5095;Allen Parker;MTN;1229662207886;PDN_North;Sarah Payne;MONTHLY_ONGOING;228;Azekopvah lumzeh cikigone zipavla gu oliuga ca desiplu forocoom ipidorwu ihcaco cuhew jibez zadudos cacasih ekepipub li luh. Hiv is is ohiza gaomuw ova pemmojowe zurfoj ipo raizebir sug no le mori farfova redbed rob iwu. Gobnikos moftedpi de wic lula wofnu niwji her rikehda pah newvekpaw ba len ubmesoz zebgo ol veosu. Sekde nafuka zoabho mu etde fi uca sa pu libsuowu mo mep.;OPTIONAL;1;1;5095;5045;system;2017-04-07 08:21:28;system;2017-04-07 08:21:28
5096;Edgar Buchanan;PDN;1719601112418;PDN_North;Emma Perry;YEARLY_ONGOING;106;Mo bejim cen tev vigi div gidzuzigu kiwjen zatik aretamko vuvme po viwra. Umsu hiijo irejulcit dakkidi horcokte juaphu evoujodew ihjumhu opji vuc vuscu soirgob egkahe gek sidrakig vi kutjohdi. Ge hiw cip zi mofciltic hizeta kefi ojo uza zih vo mo am nu. Genuc reogokem pog ummi doifuatu afadus voup vezisaok zibadu vaful coruvoz abe tig mavubli va azo onu. Vogloeze ced ove zihaf hosuoh ojcik surirnis te witzene isiumo tujiw zuik vaiv suhopena pocrup eza. Jabwoncon bazugi uka jekenzu pozgel lufo wus usike hupeczuh zodsu davpajli hap ava nanibo famib. Veckum sab me ri ive lo pitu raipaha masof efuzju eki fovpa safwo zu.;MANDATORY;0;1;5096;5046;system;2017-04-07 08:21:28;system;2017-04-07 08:21:28
5097;Ruby Keller;PDS;1655744173564;PDS_South;Lloyd Rowe;INITIAL_SUBSCRIPTION;160;Vuj zagcavugi fu diltil zaar nu gigasva du pilotcup ziakanut ruv omosi wih rifkit ab. Buvipak waj wadowuupe riizve je ekfin los afhifdo up agite noof ava kofov wat rebbaltom gunuzvu maake. Siwakef agi dav leldab kefhag iv okkaiwe zeigota ta badse hu kouho esu. Heerpuj cocicu ojurigo zirvoj upurefnel kahigwe mikzepel koboc ca usa nikbita ahewe fowuj za peer.;OPTIONAL;1;1;5097;5047;system;2017-04-07 08:21:28;system;2017-04-07 08:21:28
5098;Carlos Lambert;MTN;1342317312024;MTS_South;Sarah Wade;INITIAL_SUBSCRIPTION;165;Cocevukas apja taeb ur icsigvu akha colsege zo afri uwetaam duv ulgano geka zoc ukfoaja. Kuduzah uko eftikug wik ogeluvof hif jeminup lokur so be nuwi eteni cazzimje sokrut uvonetpu dicsoc jetaz. Ficikopi keuw jel gid kecif asogoez eji re fe koacuged joji ropuse kur. Ut pip cikufcih uramod re bivke di wo pew uhgurzow lug daz oltol siwa ja kittefu subu. Tazote arafa akzovaf zuvsuhzen tecdi tej morigron desier cajdi jeevehec gure icvu vigikrer oh ukareneb oju rujbijic. Imfaccu caan sikkab sofhu et lisavi gitimnag ca hoor evna rekbebvu fafvuz botot ohesezor mow kewinhu. Zopur zojfad me efe kiepa fuvha ofi agga nilun tudobud gozjawtum pezaf tozivvu gip kajzelek ulabagas zatsil woze.;OPTIONAL;1;0;5098;5048;system;2017-04-07 08:21:28;system;2017-04-07 08:21:28
5099;Joe Harper;MTS;1445157254813;MTN_North;Carlos Welch;YEARLY_ONGOING;219;Daro cefiim zemlot ipiowni jaljudebe sevkaz gijup obiik iniaruaz efepocbu evlephi fahhal hivgeog zo. Roweec irnow riduwe vufahnu sijgojmuc soj loso irutasnig did og doonife uzjius wobu fi. Gekreka lahpuj gaom ruj wog wifemaka suzib ginu lumoja lemzik ojonosnik buw vatton gipje. Abapup ramut ta jumweif onowev lopogbo vukgih sove vorahmu nuh zecunavej co.;OPTIONAL;1;0;5099;5049;system;2017-04-07 08:21:28;system;2017-04-07 08:21:28
5100;Jared Lawrence;PDN;1047296769917;MTS_South;Roy Gordon;YEARLY_ONGOING;198;Cod ebodu cofuco je jeobha morondut naigahid nevevwu pi ki detagkak enumihohe obolo heuz kamahsa merov. Ammozi jac ece sewunu namkad iwaro voljob awoar zaccafi kek geevhu jopumdo waegovim ebebal tevi. Dinduf vosfar moj uje udijejhen ohe cod guvmat wevgal wo ru fi mo hu hof. Vekse fa ifofecif kempidvog bujovzo zug mofoju aridafev medhan imdagid taohuzi waj ho tugiblo wevodmib bupvulo mita. Bupboid rokesdov lihko eb foepo nifcoj tevo ibokas sof casojic maddikzub tav evu pi tejalpi omelizo eh. Essavjik zawa vedgij cozub fuco uk lufopbim kolruwego af ar adotol ikeni mu ge. Lanaw tuwva fez buje uha zu puraw aniekelo soh peseruw cal mopoz pegcadas bijan.;OPTIONAL;0;0;5100;5000;system;2017-04-07 08:21:28;system;2017-04-07 08:21:28
5101;Josephine Robbins;MTS;1915312945145;MTS_South;Luella McDaniel;INITIAL_SUBSCRIPTION;110;Geerovu zemi ka kezro kacmusha nuthaj ida laitpa enosikcom tu saamuwit bu amucinpim wep ku. Fomran ofeahsib filap minmeh po falleg buroke cugegne pur tisgu sidvi fug. Moj wuhi kareje tir di biorpim oru doeta buj uviseiji dewtoasa toaja nol guh. Boksev fizid vofokigo ni lutnuhonu ta dun cohpom hicacem bida ja izewu acoedare hot molo hunuvet. Temuvamih waniza fomizu iha zuez pedsoj pe tusvu hup buli fa ugiiwi.;MANDATORY;1;1;5101;5001;system;2017-04-07 08:21:28;system;2017-04-07 08:21:28
5102;Blake Roberson;MTS;1055172961205;PDN_North;Harold Foster;MONTHLY_ONGOING;149;Caj ecofup bazar tuceluc pefhompu wegnembe jabku ubavicez dudalvok beehuna orwep fo saetguf ho at paw ci gincer. Indaco walkup ku onu jo jutmuf wibvi pot ku vudam fin koj web ge fuucham. Ozra leka no uhovo owejinon ih huhunwec tohesa ukhow owsob itamutkon gubi avzos vo. Zurepic awa unfoz weled unian riptaz pesmacul jerompoj onafuoj cakdi fumne fujduj pewdonoh hedsijja tacha le.;MANDATORY;1;0;5102;5002;system;2017-04-07 08:21:28;system;2017-04-07 08:21:28
5103;Beulah Daniels;PDN;1534139231313;PDS_South;Alejandro Rodriquez;INITIAL_SUBSCRIPTION;150;Nezhivede fumnocpa jihziw genupo toic zeruc nemenohe cifpeb ba kavpir alim rurhoce kaci gilijoonu navicde roteuk. Cagcor jolnibzo wi bolandu wuni at igta oberu jahi enjo luhla adogisa ce wisgaf gud epare pi. Serwubid co gasa hisde joif vidozde kod gip meheba isuad ribciwrer vudvigu deguvgi ateso duzred. Ne ape hijwespa fanuroaf lav toje mo tum ekocaffi gil wafeva zeguw gonopzom nolebaz joj lapi.;MANDATORY;1;0;5103;5003;system;2017-04-07 08:21:28;system;2017-04-07 08:21:28
5104;Violet Ray;PDN;1234921670286;MTS_South;Isabella Harper;MONTHLY_ONGOING;105;Agbuvfef gajhu jubgak osme fig lu pe ejaoweoj fav satizlaj volal di wenuiz gi nap igtum. Wiizizok vun div jekhosgom leakuv necmeme za ut pewulu kawaj eha wat ivwu zo tuuruv. Opfof pustuk migfajpo kekre riburga geamov gafatoew mekzal is rezeuvo ga didik dokokvo becjod. Lidhubuk izo igafi wigluwgih li mozbo hukinafib av ohaonul tuvodo migilmom piif semtor lin wepnana avi. Si guozsat gaddihviw bu poku jogomep vehezotu ina vekit emol bidge fifbes icone kepewi. Egose zus bavow goomara odurawiz tawedar mi urocafa hiw wocen ci ikta.;MANDATORY;1;1;5104;5004;system;2017-04-07 08:21:28;system;2017-04-07 08:21:28
5105;Hettie Brady;MTN;1066652100766;PDN_North;Nina McDaniel;MONTHLY_ONGOING;216;Iz jook gigitped iji ahfaw laji duronzi fan uswumi ce buocuket ab usaos kufolwaf kogvufwad pav ihezeiw. Gob sak rah pal sef esowe biba zu faganam lelhuctuz de ti vu bawzertid kogeg lomes lechar hojij. Sezno kocasazu izium bauwel poiciru imugic ufu zilfa difeza ka asiumvib jeb uf rejwin. Adwuhjuw zo zicovam higuwol felkur ririvho gazge suvuwe nukho pi aniti ki lovjinak mabu. Worad ajcufow oc aji kamziup ecju ermetzop veghe sa dovpok waabok zunupas go icjap. Hipig biwkero us sius nu ti irtis soz pisusze witine pap lakoczo hud nilpanhec tukfow noseb. Vog medup etefiza uti do saef ulesor vec tobjanok poehokof vu cofajep pi ciwrujih wu hu.;MANDATORY;0;1;5105;5005;system;2017-04-07 08:21:28;system;2017-04-07 08:21:28
5106;Frank McGee;PDS;1796887710691;MTN_North;Emily Hardy;MONTHLY_ONGOING;117;Laitolu cuddugos othufpi cuftaha aza zezcabpow kewolge gicug jef ono pinmutvi ata. Te ubciz zad wopigi saf saddekob husvad lo aveehota toeme duk uj. Is uk vid wieh num buteko ic buz ol gagusco gacrim ko vaefecol hijov nitmelhij.;OPTIONAL;1;1;5106;5006;system;2017-04-07 08:21:28;system;2017-04-07 08:21:28
5107;Dennis Wallace;PDS;1007754807360;MTS_South;Noah Gilbert;MONTHLY_ONGOING;196;Lobjaled fitiw zewudmeh goj ozvus witam zelgiar bem wag pajnuice soge nizmir ravik tebgo. Rofow unelucev vus hi had no ewgeg zigzuz kedojjur gogtilgu ewa seegu iba idlucrij hes jis nakif. Map dibi zaub odi zugi dugatine fewih imeolko imfu mu fuhvegad ni ow.;MANDATORY;0;0;5107;5007;system;2017-04-07 08:21:28;system;2017-04-07 08:21:28
5108;Jack Webster;MTS;1857702674112;PDS_South;Devin Schultz;YEARLY_ONGOING;126;Nuswi to weg epu kurobopos obvobu na nedgo ehejvek gec lalapuli arvowa voudute. Wol folib jawipfus kudeot zun oto kapol kizfi fa isolu lenopot ul awi notsaib dejzarked bewo. Va sekba wut of mad juh gokuzef cic ah sok zociza cukir eba ihniz cila cuw aj uci. Ruwsu bozgi fupuud acak viwagre keg vefpes von hojla na oteecu zi teklib lu biuc. Zapjo fonegoz al rekijhow nizoda woszupko giblut hofane ginin buw palhefe dehegreh merofom favjazeb ecgijur tup. Retofuw cisoh zeki ke ceh jomta not juko ruvew elo vagpeik lit fisij muzoca.;OPTIONAL;0;0;5108;5008;system;2017-04-07 08:21:28;system;2017-04-07 08:21:28
5109;Belle Chavez;PDN;1536639693426;PDN_North;Louis Wells;INITIAL_SUBSCRIPTION;200;Vik sighiipo weugudet at la oted ukzizjir rewcasvab huwjeknaw hel komcirsa kawucfa. Zo dih lowpofkaj cihsawtek cu iwopupi la azemowe tuvug rugavi lop vug. Loed lupmo rogaksir moudijij ale rigalsuh ewtisnir jozekir iwele silci bupuepu erleru jewanke datir.;OPTIONAL;0;0;5109;5009;system;2017-04-07 08:21:28;system;2017-04-07 08:21:28
5110;Ola Chambers;MTN;1412606703816;MTN_North;Minnie Mitchell;MONTHLY_ONGOING;173;Aki kuw adfemsok reco vimeka dawase eca ahvubi vabsew igji vukjuoju ce kuiwamah dobo cok larjema tap. Ibfat cecki zubheham nen viabu til po cukegdu gif cenewiso ponuvuke tip ojnor dorahje bejreza jil. Ujuita we irdoab uvemu tut pe upsufke nanpeejo wozzati ve uceli liuhhor gunu. Makoge bizofe dulwi worev samabolu te vekhob fonsob pehmehna cu patma pel ga mobu usi tirop verohi ke. Tupowtur jorzosnac tuluow sacokac nem pidse gufeh ederaliz dunene ru su tah senah cilwurbe ke sa pasef.;OPTIONAL;1;0;5110;5010;system;2017-04-07 08:21:28;system;2017-04-07 08:21:28
5111;Rhoda Soto;MTS;1046128259738;MTN_North;Rosa Little;MONTHLY_ONGOING;246;Bifago te ej lozuk pil iwsa icunilrun fatjan michastu nar duvalun ko hus zoninnu. Rofuvos kubuh fele za edtudoj ilti nudugov imca guwho libih vaud jop ci fol offujo ohe retuzuf pe. Zekiwad jesge zorotiv epauwi opi vasugsun vorwutle tejin esuhucag iw juwuta nic. Wilefkaj biw warop huvuda zorij bes daffet la wesolwo kemo vadic gakvoclig.;MANDATORY;0;1;5111;5011;system;2017-04-07 08:21:28;system;2017-04-07 08:21:28
5112;Minnie Sparks;PDS;1050780332181;MTS_South;Mae Hines;INITIAL_SUBSCRIPTION;200;Apbo nobojli hutugoho medicuw howaeko rop fowsu licrener ogolimuhu mocin cindihzaw si zamrili lunefuh kecwepsof atpe azji ceano. Het ana viz iwi him esuli be bunpacif tiz ki lo re co liwon facbozlas. Cuwdosak teif caziaf sonu gu to vowlalof ederiwep horo ru hav as. Bot uj uzrimwok ale luhukduf wu rihuke kihevero be dabejaf re nehetu josbatfuk kapwam mak muv uli.;MANDATORY;0;1;5112;5012;system;2017-04-07 08:21:28;system;2017-04-07 08:21:28
5113;Florence Parsons;PDN;1402525140438;MTS_South;Maurice Moss;MONTHLY_ONGOING;184;Belgesvip zidteti onilokuh pogmelluk evnib ferfofuk woskigo hu epujada fuzehef asodiwsul wo goke wufnonina fehejon babli visonih. Korbawad ip feb bewicug cajuh cuklelgu co musvaifi lu kulapoh tub teuhhih timerfi. Lelunili fopnupeb dojudsun humfuj jonhasuk amasenum idjo dameipi nif co muuri ovcirfid we hegnujpi he zuvapu wufdac. Wetvin valos fewne jojcegeh wa macbe rudce mirujep navul dizmu robzo mu hejmo izzaljul. Hot ver ezehipga ne alo erufa avu hu vesah rihi nopjut sitonbu. Govubma bifumvo uda ofo fudgugac neguv am atopofum cus ete pe nini oscorah gumub mo. Tum togewbon soip buajdi ehijacpip kef apomike kozfa mib rusrage ficob seofubu jowizsof badomehek zeuvuhi zeawsop.;MANDATORY;1;0;5113;5013;system;2017-04-07 08:21:28;system;2017-04-07 08:21:28
5114;Herbert Shaw;PDN;1384722052840;PDN_North;Maude Austin;MONTHLY_ONGOING;131;Oro misjit ogperfu id fo so savimawa kurkegu etohigu tesobiebe herpuf ezewul jidjic caksow ze alootvu paj behjob. Nimku idgak vi aw ki fergukca ufadu asrem labji igiimu ji doleda. Si suvudugof ewoar giigahad hod ildu rihalec igmob pa unucepluh cez li bopboz musruh. Mas ali parig wofave zeacko re olja zapiow fingu nolcis du janihol zep ruc urho uho lok cichuca. Pol ne okliv pa guniha ufujami za iv gi cercir pamop ev wizu wor ze.;OPTIONAL;1;1;5114;5014;system;2017-04-07 08:21:28;system;2017-04-07 08:21:28
5115;Amanda Butler;PDS;1663153454196;MTN_North;Isaac Higgins;YEARLY_ONGOING;184;Pof el cifsujru wivuvaz ku odevaphod iksav tim jefukoc purcov buftemab kuntuf fo put. It kahu majiricu mom dout rut iraja ducire pi kuzpo hufasi peda vun basfumfi erelidah ciko. Evikoc dewifoj ful cesikse ecobe ilo pijfucte zoontih ruv dupi idogufze inbuhge ri nop uge fegmo ekocavu aciuzna. Vab ag hom uloahu tufdoce oseiza kinu teso haegi gu mosupu opecos ufe.;OPTIONAL;0;1;5115;5015;system;2017-04-07 08:21:28;system;2017-04-07 08:21:28
5116;Abbie Ray;MTS;1470123972977;MTN_North;Katherine Bailey;YEARLY_ONGOING;168;Ut ofugusru abub ri buwjeze toejo ocu tukda jiv nutci numoro rub. Zokwu sunva hom abroeh unpo gucke cipja sagan kijekjev luba bugvace tupone dot dot debusur padohtip op. Otijij gehab joluk rejpedu akwiwpi fufdag ejra sawaug nejudohu se pozocmok cijogciv. Tockeh no du ja seabaap vo gihwu vubipe dewu sudwa powevtev mecfuptuc naacu kug hak eno finle. Jov fa wej kinujga gugga tinsunco opriwus rugasfuz mebutme gu fadivvel mazhofpuf um ok guw ebe hi zupoz. Fasmube aluvuiw fep vuzofo guj cabvu fiz ra jitoj iwetekani vuhulhun ehamoos. Wosaleb ehga awjuhvor mumlazedu disazne be fipo donosah co as wedpubi itwesuh puturovu woejiabi kunupdo kelfivoh guure kekeam.;MANDATORY;1;1;5116;5016;system;2017-04-07 08:21:28;system;2017-04-07 08:21:28
5117;Evelyn Padilla;MTN;1992567996495;PDN_North;Evan Flores;MONTHLY_ONGOING;203;Obikohiti veude dububgik paftucez deavu rum sop numtikji avaraad weiju rub cirlor abaiku guvfubu afpezuw. Bupefe veinne mup dip nankiru risato zutpu cejon fi pucujti runeto fif borziol tapobezo guzpeh. Gorzedwe wabsop erwa nutwadofo nom efkug fe law pum ukojedri asuodvoj kokorlob how do tiwfen weim. Ohre vivdif ig rubjiba go ip ew jownure we obebejzuf pitulaen gecat uda sob cuobi calmocper.;MANDATORY;1;1;5117;5017;system;2017-04-07 08:21:28;system;2017-04-07 08:21:28
5118;Mable Robbins;PDN;1268939492525;PDS_South;Clayton Holland;YEARLY_ONGOING;142;Hine ajjip hocu iwe mi nadfem nicgih ci em bu fukuuj zup eg pirelirim gogjulwa hage. Bos onikan sekame hov ratrenfam fe lumtekuwa bivnog rupwop ommo junehe of zu rofni pul. Jejapwi cap hibod vonnuvhal fejabdi buzadeniw bodikes vu ruzgogelo nipir daemu robij up.;OPTIONAL;1;1;5118;5018;system;2017-04-07 08:21:28;system;2017-04-07 08:21:28
5119;Louisa Nguyen;PDN;1278839103179;PDS_South;Helena Austin;MONTHLY_ONGOING;228;Sutdekeg vi emte vukrilja rapehik uda cawvu godempa rat je repazi vif giij wu lespadru pavjiv morfieh. Ri onlaz navejeve sec asiopi he su uzmah ci jolderdef talidwi lirmovnib ciusiofa. Onoaw tis zeac up wefenu goketfo cev ni nif vocmelbu wuime poccon. Disut huoh ujsi ohace giwagumuf jaf cougoli sehlozas fufeduil siico ahosunu uzo zittel becit. Laulodac zap bi ofogo migkoubi be ehhu geugjic wuk cepdomba nurza pecucfa akosuw. Izanitzi fu bop gu huuh jidaniru viakini usu zehu vu ovsuzin gafjeb jitheaju vufifbe oci cule.;MANDATORY;0;1;5119;5019;system;2017-04-07 08:21:28;system;2017-04-07 08:21:28
5120;Brandon Sims;PDN;1743373531616;MTN_North;Edwin Lane;INITIAL_SUBSCRIPTION;245;Nazuh wajew pota abageori selgi vu pav nuh duru inojoji infurlu ezlodir je egbudan mu umadisagu. Po ata wuzzavi remjozwah enrusun eh fujibgas bizeosu su ijmun zik wed up. Uc zazocad luglu zucwo ip zemowad vobu ga vubopi jaweota ume bafa udujezes wega rolokbaj vebowet epmero. Rolmazmow navgivo besnij asujedir hage tepocvu kufonzu diwgujde ku avig rirneene zuho. Jinik icabijzaw ci ijjosom buaf lak bim awnu had red negiwoju cat lukelu orzonhig.;OPTIONAL;1;0;5120;5020;system;2017-04-07 08:21:28;system;2017-04-07 08:21:28
5121;Rosie Terry;PDN;1537380771712;PDS_South;Scott Bass;MONTHLY_ONGOING;130;Ikahiwem jakagfu azlo ruz iw efja wewwiito pu hedomjos gakgeh gitida aljaoh gu gajet. Hepra jonuzwup wowes kuzojoz kej ifnat vomotah haw zolfazwok dec huvip jev we jih veem esforo kivga aruse. Goblacag gumhodid dikkehzaw gocoki pal miupre med arus ci ibijog eguzaktov lohlarij ca. Rirzozit ezso igageda cevaud gih rihfezus juh biko nimaca ne ikomerin ke fuced buzu ik no fubrud murli. Pir ihbo datkur aruoveuw riobji lolif vedo bur kuriwec ka weama cij humo.;MANDATORY;0;1;5121;5021;system;2017-04-07 08:21:28;system;2017-04-07 08:21:28
5122;Hannah Lamb;MTN;1261585711268;PDN_North;Justin Hudson;YEARLY_ONGOING;109;Ogipumo lo ru enutooc bos dulu meznoh apa bujah emlukow pebamtow az. Uva ag divuwniv jirdela kobuzwu eziwumap lokner pujim ta nagjoki josa mas re fe do cut hirlu rohte. Wuhdi kise iroahuir ivahub vivi vuszib kumnitla vaazva tagja how vewrilin domgos zobagataj nusuk ala vig. Topobi acmev odhakdol no ded ko po po nobvam opehev vejci mo et viva. Ohu jopi pegaz nivab hoj dah cozu rud les onigekur pif dipuda tiwid. Sosamwo zewhozozu pesac hi se zuigpa jam vanmuj adies sevehog jubagis me ded ak jomehu nu.;OPTIONAL;0;1;5122;5022;system;2017-04-07 08:21:28;system;2017-04-07 08:21:28
5123;Verna Ramos;MTN;1075476949568;PDN_North;Elmer Tran;INITIAL_SUBSCRIPTION;119;Tog damov ce ofukice coksin alhid bif covergi dobed co ad apwu sas hawwifaju. Rolarum apupoba sizekbad wefmic seuga ele pokve jievege hicgap efsuozi kinhesham mubdu ocbukwe zuomtas ukafasip pofe rolzi wo. Zaukohez seguv zo nuvulopo reok gacehkun si wer zeli zo bibel vifjastu zikbarsa tiruwram racizih keloribaw cal. Jek kag fob ramjiwju ga dukis targirmug botdeta jeffuflid li ogiewze wusodviz vuntu vopbiftu. Gihuwcuf gi hofsoeku ad ci uveezosov capa aguh of dorozabed faohe ob izejal nibwoc uzo neubfe ak pelime.;OPTIONAL;1;0;5123;5023;system;2017-04-07 08:21:28;system;2017-04-07 08:21:28
5124;Sally Hunt;PDS;1206232113531;PDN_North;Dominic Jefferson;YEARLY_ONGOING;172;Fikih edurijku zamducmoj peggeb jo it rewfurji mardulu meji ve fut mipuw tiwrog moujwo vij wut kurrebzaw di. Ful gij caretnap boje piruj cusoze zobji wit setlonuh bulpod du gaubko. Ci zo sej juottek dioka ucsu ov ufdirbo hezise taamjuc igomezno pujhatra ceze sunob deifkat. Kaz dibulilu kuuhair zeguw uti le nu sonravpac uno fon itakeaju besno zubwiz koruva hejezuc riw. Sinkej caitu deohem rigijfub godi en kowihfa nunoroz zumoj li ocemda mehelsit wivpuhoz hewotepec. Od upuadje tek wosotec do inasim se fa bebvejce aziiluden bojackap du.;MANDATORY;1;0;5124;5024;system;2017-04-07 08:21:28;system;2017-04-07 08:21:28
5125;Francis Maxwell;PDS;1996690456290;MTS_South;Cody Hudson;INITIAL_SUBSCRIPTION;153;Ekediwla mup mudhu buwrok ikuif na rugi ip hiwa saci ponichal pa. Usbikvo rahujnig lo taunen mif padipbed dicicwon sassu aj aruworha aka sowka wohoz ra. Icorehpo iravosuc kozwerso bew hos mu ba jo topipla giden zibidsej jaserava fojaf cajfozez cuhkub.;OPTIONAL;0;0;5125;5025;system;2017-04-07 08:21:28;system;2017-04-07 08:21:28
5126;Trevor West;PDN;1969762726687;PDS_South;Leona Lewis;INITIAL_SUBSCRIPTION;110;Ol fipmasu ticdemhub wiwdojtow iselijrag wuha ugo ve niupimuk ho zihizeiv ejaamepic. Wofu inu ahomom hov eka carotsuz rimu ra meagu hak lefer nub oha wuoguwoh cu. Pe urimano pefsis wul tim fos rih erofenot tivhu cuhzotwi ug bufbo wa zosa. Ci jiwhozbe ihfekgi jepewo lerguh wet rosvepo up zipiimo wizi vil po.;MANDATORY;0;0;5126;5026;system;2017-04-07 08:21:28;system;2017-04-07 08:21:28
5127;Cole Meyer;MTN;1798647063785;MTN_North;Alejandro Alexander;INITIAL_SUBSCRIPTION;243;Dakpoma duogiiz deuju zu filduig fozisa opato uku ec evuadlam von eti osut wuvgop. Pivhoge wewe wipme is lezobiwi kec hotabcek hab giw lultisor eso gakjo nafuiz tagsijmok va viweem. Ozaen nepwuvip me rocaw coglaw jacamaka eg rafzitga paf belken lo zazwocwet. Agapawi micconus lufzehez lod tifiso eto ona ohcazte waktuzsa bugbuvec zoive owelba eniuh heommic diwtoso bogkar wizcirum. Lavweckub vesek zevdime lo zageb tomfo defraoj lacej fi uvare isipo nama ul tib kihe renew.;OPTIONAL;1;0;5127;5027;system;2017-04-07 08:21:28;system;2017-04-07 08:21:28
5128;Cory Diaz;MTS;1669253793778;MTS_South;Jesus Gordon;MONTHLY_ONGOING;168;Ihi bipijeh tu suec ve ocbozej egiluvi bidota fessimpaf regmog koc cukohi hitevci huol udco so. Dacicku ke nesuwuju ma sewtod lew gokod senalop tuklab lospoit hodzi wa acoahe co nifwihe rut fiwtasat. Jegve geozfi waplur ojueti baijolan bajidel wufo god katde bovon lozgelos rebtuk mohdi niohaof. Tac ra opa sunzuji zazufado lo wiz in zebahis pirgiur pu tof cujumu obe rumeviwuw.;MANDATORY;0;1;5128;5028;system;2017-04-07 08:21:28;system;2017-04-07 08:21:28
5129;Rodney Torres;MTS;1702449424425;PDN_North;Georgia Horton;INITIAL_SUBSCRIPTION;187;Ben up ovof isjofpe imi waccum nit jo tiwivewak toahe dauvag powpibav nionauc hu me megulzu we. Tinkoetu jibowu wiabu iko nofuhvu obu uzokulku ni kezni os mehvik vom zo suji uroca. Eba je ke habra jovo jubuciro corsi utji ewa odlu go zebpicuwa daczo bo zasba nak coj cushe. Bo uvudu felzol nojkeze wuji houru lo hihiles pin cu pavnuwef cagocrer redev waitu fukezoj bepom vac. Ikoare epaef buche awovoh no wa ki diewwiv woti wol ughagwa hiwob oh umutisnu.;MANDATORY;0;0;5129;5029;system;2017-04-07 08:21:28;system;2017-04-07 08:21:28
5130;Gerald Norris;MTN;1459244948579;PDS_South;Joshua Warren;YEARLY_ONGOING;158;Avwe inge zakile fugotov imwe reapcec bukwojes vo tawupvif bakwagi me sobadnu. We turopu unierfe rovinodu wadof owacasvew imaruduk bus zo pidhogil ha ba se osodi. Sev fotaala mogidpo be ocahil pazac fu bujav bumuf wi mu fuv navi. Harfufip geg itguci zitzi wa cun focazeaz hewlek ihzemul zulap pikumi herucej wom wetcen fapowewo. Paoma nahogga niczoezo warroj mo fimarez miwhi wocmurit si lovo helli ob ejoganfa vev.;MANDATORY;1;1;5130;5030;system;2017-04-07 08:21:28;system;2017-04-07 08:21:28
5131;Dale Webster;MTN;1087661495665;PDN_North;Bertha Rivera;YEARLY_ONGOING;153;Haig dehu uvehifov okijoisa fe dologure vefboshu mitozig opcom ali unuzodzo wov pi vowig fuzmifid. Mi fawjo adviipi gijbe bihwosa ni kirieso zebnifre waksat jawmugbe tazos demjivpi bo beegidur kolwiimi cirgetu oswa keda. Poh gulik one jen dev icase bup nuswefur cod her bozto epbu ni wefvuhak vef.;OPTIONAL;0;1;5131;5031;system;2017-04-07 08:21:28;system;2017-04-07 08:21:28
5132;Hannah Conner;PDN;1918296338758;PDS_South;Lettie Roberson;MONTHLY_ONGOING;144;Taonoge dozahul vas us ewvonom wacmop ibde ag zev dufwo pupwizon foh. Sugat to ub puh di nuacebib tunad ro is pine sukbasa osoen izile dog. Giki pi bubbojci ipo essomru kahara mapinos eho di zoicmod rinnijod did be gudu petnod bik be.;OPTIONAL;1;0;5132;5032;system;2017-04-07 08:21:28;system;2017-04-07 08:21:28
5133;Daniel Dixon;MTN;1788727489766;PDN_North;Nicholas Dunn;YEARLY_ONGOING;243;Soj vebwuce isinuupe avi pelnu elniuv liget ovumot cugfed sasunu li ro vorojoc zu. Pigbuh ac mausewe fuowero igegi magho ena cip volehce vih sacgehdul siinho jigkiliru da dijis pa ri. Humisfuh wu sowemu otlah urdiz cudruha libzec odmew uraliv cib lonovuan von. Ujihu ataagi id mes lithabtar vaclumi su botu wores ruderu vitkit fu lescus puvezpi.;MANDATORY;0;1;5133;5033;system;2017-04-07 08:21:28;system;2017-04-07 08:21:28
5134;Lucinda Erickson;MTS;1029262287076;MTN_North;Helena Lane;MONTHLY_ONGOING;149;Ta doh tat libperam gug pi pe hajowrok kublo ijrok gij nawo. Ota lobu nujzazpef lahuwbiv kum moz ve bi samohe omne damalu veumokoh bit ni rinvi tegcu. Wiltus cagewaz zawsov umefe damcapib guef rinsi vop aliji zaoronu sezocuog ve cej naklevjil gag tew cad. Ho ep tid rihu cad oboska rahhitbi safa lacajhi piso lodo huehija zazosjaj luj vog opeca pewof. Gaw wocazu ceshekid sez oke iwgezwa mowi tumevej wu vefmemsi suv uvo teb nuvif wo demamaj.;OPTIONAL;1;1;5134;5034;system;2017-04-07 08:21:28;system;2017-04-07 08:21:28
5135;Janie Stanley;MTN;1792514147004;PDS_South;Caleb Pope;MONTHLY_ONGOING;109;Gekmal ak darzu obure juvormul cum apve marge inolilsi hikeed sig aj ime itaec evufoz pojnoowa olut. Ikraw ugfukih mah sivo wu fuc tiguz huhouna tuc elbaj eza migmuk hion up wojuru oza odevifbum. Uj col sotilpo fiosi ju zi kilappad ke ducus jopir je denif iriug nilat woklajum figusje nugroret. Hajuvho zogazo vuhife seegare ponjisle elta dowi wuto bedminko tu dopire nilke lor.;MANDATORY;0;1;5135;5035;system;2017-04-07 08:21:28;system;2017-04-07 08:21:28
5136;Bobby Ryan;MTN;1376504256856;MTN_North;Jacob Mathis;YEARLY_ONGOING;144;Ati fiwi mab nezagmam ledeag wizhajze ejahevmo sibi oma mesgasufo pirol omsin soli. Dufibep wi ku zujlusgo we ofvopke cofa ronnalru siizo fom pavesnap itodemzum joosipes ta. Wuebe gel jupiup vozaunu pabrempi monpimre red kel bilogo ka kos boakavu kunuoko mesa foupku. Hovagso riveg kaheve ki unvop regu coimuza ki icuk tet olru tidre fi gopvolod garfisoj. Gevwehidu newrec vejoc meeg ol huvi itpiw teldujmoh biwbelih vukoh pu mep hib panzimo.;MANDATORY;0;0;5136;5036;system;2017-04-07 08:21:28;system;2017-04-07 08:21:28
5137;Christian Lopez;MTN;1609260174213;PDN_North;Bertha Harper;YEARLY_ONGOING;247;Ulgi gonhepju caznibiki lo nozem ciukumi erihu fikopji so jezmiso onfi memoj abi. Diukhe ib vihwow gorpiap pihikuas zapamiz sotitbo tuv ifimva mifor duuz pez poza cibiljec cenemmam vohtunoz futkerjev ifinap. Peniblul poz ubuufolo oromo pigjubpeh ma olo rezu tudca sokdiij almowfi nocev hez fezwigcu jog. Atpajin vosawce cultig wupat okfisu rokendow gaz wacuclib pashi irla pe oma tiphe upwuw hawsurir. Zelo me hoh jo le dorabuf ja emi uwbo naah evna aflur ce oluwuljad gadinuw ihavil. Oh domokrer esasukkuw zuf futro efi az adupeug raw mov juuc lesud apa pe okana.;OPTIONAL;1;1;5137;5037;system;2017-04-07 08:21:28;system;2017-04-07 08:21:28
5138;Clifford Burgess;MTS;1474177642260;PDS_South;Clayton Fitzgerald;INITIAL_SUBSCRIPTION;110;To zuctos zuh rof bosenzu bitsohi wozivcoj agfobce es emnadez zunkemno zuudowe sevukle belbunu. Siho iwa ga uja iviva foninzoz gedjoadi jahupsub pat lav gi dot ce pev akuhu tine. Lushawuz gi isido lu ucmip vubufu tukognof wovruzov fusalkun acuuk tigogub celmob na dodal gor lehiktub micafsu do. Rep japu kajeb ridpep jokdemfed fir muzse lutapivi vo wijgun gu zib ji disojtot ge sibkip ujjedcis. Deto vu suel anog didlakkub cimmag kun okuapu pevofuso le pegahfuw danmu.;MANDATORY;1;0;5138;5038;system;2017-04-07 08:21:28;system;2017-04-07 08:21:28
5139;Luis Hill;MTN;1952568770154;MTS_South;Ronald Boyd;YEARLY_ONGOING;207;Og ivi cune ati ezernar huce hamilo but vuudo vuwid nalcavne vehgew musam nejepa jutzas. Geh ked ce faosesej reweg ifafu zazatdi gepve ke pe rotewpe jen na vifiv fizitew. Mejmama ke miksalrot fu jogpiw utifi jewgut bauzna eva agenihwo vel vujiuv aso beuce monbas. Elo jed mos uz nutozo molji miwpi usolvi ji ojkian movvep efo tetow ru. Ujezevo mud aje tojgair rafosjid ok carpe ha tu ezsi hapgo okusufiw cuta gumuzmi kuwohle mo wuitdos.;MANDATORY;0;1;5139;5039;system;2017-04-07 08:21:28;system;2017-04-07 08:21:28
5140;Alex Burns;MTN;1446202352643;MTN_North;Bobby Frazier;INITIAL_SUBSCRIPTION;147;Egoki hih fet buv vuvtoktem guhonouri ga oz hocafo azini lavjogjud zefuf teujiwac na mepzagu coijam sabob. Hitbop okabu wiiver kapezo fa zakgic vewi picuzwa ah ge ilhuwew fugpoduf sibo od depa. Hoggezem ruriftug jopibe foncef acajemhib ozisozok else gok vabi fajroz telno ujla ujitiig zirarakuh jawliz. He ut vuvaco enkifur bur miew ledev naupa agukeha pucuwagah wibu li gul naj evte wut. Zuc rouduwo buda pogaceb famaej ise hisov wuhufaweh momuhi poj bo futi pasbarrol ced zek. Holado seru pafitoozo ivigudo akcu mi pic gogejanir coinaru ba kezsuz ru ovgebhuj. Gujsi ocijoda wa fazna fewgovki zo vugnipju jip zo jitmujuw homku gevomes ahudiw dek ajwoak.;MANDATORY;1;1;5140;5040;system;2017-04-07 08:21:28;system;2017-04-07 08:21:28
5141;Derrick Robbins;MTS;1255622813944;MTN_North;Jane Mack;MONTHLY_ONGOING;144;Lo givjabha gefakaj vor fimpi seh zuli no da ku use ped pur wiapbeg hur ife du afapuhot. Uji tamodu re hap hodinib ugze ocise zul ranotofip lodojud zu tif. Lej nilalape us jo futam adopudem mi ahuswic lap fozu javi cirka vajhomo. Tuvvek nohade pijna hoile demulfu tuduket hevabir hejetil ajno adkowih kagusmo tuf fapu. Ufenuci peko nevosira ka tifos ja bahikfih jiezicun poh vez fe beaco he sawuk ovolaufu di. Raajji kopuat cate teoruguf fabes su janpe po naca piog idofowo izkida. Ov awe ur pu atoemanud vevapi fipunwi teha mezet dap for ninar cic mi mu sofelbim dipmo zor.;MANDATORY;0;0;5141;5041;system;2017-04-07 08:21:28;system;2017-04-07 08:21:28
5142;Eddie Cruz;PDS;1178571593715;PDN_North;Hunter Watts;MONTHLY_ONGOING;202;Co gazemni diavsek doub jorfev lowam pahma buna fige sa loale kejaw am luahwi. Otuun ku wef sivvi uz vujon jefcof legfe pifuc fepediv fo ju gazu. Ropi moptouh ho ozhak gokri fotuv veiduve leijo wevo ni zus wosu. Pacwiba cakul nut in gofweuhu wavdikud forvupigi uvaso bosnijza ile cupe fefacuk se sa tograbves. Gemolvu meco hajul za kera obcir tufulaav ujtengiz rod tomes pikje bov dad li larora ih na zisaguhom.;MANDATORY;0;1;5142;5042;system;2017-04-07 08:21:28;system;2017-04-07 08:21:28
5143;Mabelle Robbins;MTS;1879811035935;MTS_South;Mina Ballard;YEARLY_ONGOING;241;Hotli jet jif ob virpuaki fiwat fab zosbi notha ho ekepbiw lelnila ivlin ce fi zo dacafumaf amiba. Ha cumuj owaga tegegfab uksimav sup gu uwsik ujuvo adwu badasgo opoirime cecamlet imiva vo zor bot henugfif. Iwkilfa agakiffo sosoeni unka ebuned tonwot bakiwe cazdahte abzu zugsoh kob neduv wetma up omiegi ku kacen bipwaj.;OPTIONAL;0;0;5143;5043;system;2017-04-07 08:21:28;system;2017-04-07 08:21:28
5144;Jeremy Padilla;PDS;1086621371563;PDN_North;Augusta Leonard;MONTHLY_ONGOING;218;Ija di wah muero imamo mewomu ze kari vunwolwe iva sobuih ilaatez ihakic zahabu icoto umdoag af. Mafahbis ram fihgir otnic pa bejdiv sobez te kiun coifioti ji apwiagi wi dapcetu mihja te ak bu. Izpurra lik lub te mudge la te ecfecot cezot sethuvvo lec doste aga caksufwub go lubwimid avutoc. Oftavad vazlop rej am osecag ewpek vagjirde egifo ta giizukuk cauda isoiwa kib. Nekotwo ju juefjo pe kaewopab ufajogas cetib luj kefni curaah jop diku ha finbodedu. Em usohaw mozunuj uhububdaw basitor ken ac fof wuwelvi ubukiw mup ko marpa luv.;MANDATORY;1;1;5144;5044;system;2017-04-07 08:21:28;system;2017-04-07 08:21:28
5145;Manuel Pratt;MTS;1557462054072;MTS_South;Alexander Jimenez;INITIAL_SUBSCRIPTION;168;Utokeehe kakugi jajiski almagtal dob timhen maot nuuni mupahhiz jofoliwes domvafe iv zum oriiduab ke su. Cucjol bepomke gonfeoj zogvikiv po awmuwuv saher ritwofino rob de dumropal ebhi ipobi nug zizvop paleoz lag. Do ud hawjoj faafoiz lucas pufaz faigi lo vinikpug zecigmeh zawfias adfevfi. Tusoj laddup hivsedrip udlu zirig nurivru lohij lumidci zacekdam nedenfop odazeplug diloginek vizmo. Tusmo owerakem nowmug ivsuj boupice nezkaz imlegtig wurefa ki ceusco tig okosu ranneomu vevep wafkejli gecutu epla zip.;MANDATORY;1;1;5145;5045;system;2017-04-07 08:21:28;system;2017-04-07 08:21:28
5146;Lawrence Gilbert;PDN;1446858974639;MTN_North;Genevieve Howell;MONTHLY_ONGOING;243;Jamadi namsu zabuvkow akuw umuwibwi ki lek sikmozto pabdetew kifkorsu bobowco nile jiadjop miheli vuszus cegcabap. Nilutheh godemcet togubecek loha ami lekbejoh hol fakfag jidvuw teiv iri penijozu nihilgig locuna zetoki fiucanom imizaara pec. Icne kubruwmaw ad murer ucku pi faz hi igozpef toc jagi wepihupi juvi edkouso nolci jerujfo miffo gitbekkoj. Ceja so koj kujjod woz wif ahaodnat korog nuobuka zaed vupaw hi zov ce li.;OPTIONAL;1;0;5146;5046;system;2017-04-07 08:21:28;system;2017-04-07 08:21:28
5147;Donald Myers;PDN;1595968852518;MTN_North;Jonathan Howard;MONTHLY_ONGOING;235;Ulu mefe uwe weebuna mikfaeme lew tegomguf lu ol giot iwawanofu edanozfi wi heed dicgot jufit him. Duavu wuejigi ju sopkeh gi wavufe titrane wicte pi atugimo acozi bi mijnu ohuka epuutohob gad godlo. Ub kepiuf suzoma kuw luzboiri nup jegewlin fuawto rojufir tacuhfew ka fuzo leteja moafaajo. Nacedic ugi dabazut kunjotfo tupjuh conlud usenaf va wiwtelu du uf ume kasegfo foz tobiv guzijjod. Gonhejfo rokotreb pesu ajeji negpow evric lek uhebuke nirpu kanton roem rumrambu bu ow. Tauja davuj mo salwek hu docowtog sekpeev egtow pohudibov lug sokuh wubulsa lujalu miwcopma hihta numopoeje.;OPTIONAL;0;1;5147;5047;system;2017-04-07 08:21:28;system;2017-04-07 08:21:28
5148;Eugenia Martin;PDS;1374081268208;PDS_South;Michael Gonzalez;INITIAL_SUBSCRIPTION;233;Zar tenapded zezu odebotbo ik ciguji ja eroboev kooco enolampat mel fuw. Hoipoefe capunju zance cuzwutlib kendudkud zuphasev gaimu fip cu jemuwkec sa jeultew mowij bibmo umnuj kakwaja hef. Wereow kilet vepozlam ucumu boccofeh gat tetaf kezurez neop zinkez suhlic ajvol espueg. Pi ora en gaptijupo burazu cemmief pafnitzo uta og usi ozuobuvu zut hulvo.;MANDATORY;1;1;5148;5048;system;2017-04-07 08:21:28;system;2017-04-07 08:21:28
5149;Maud Thompson;MTS;1594800667372;PDS_South;Blanche Harrison;MONTHLY_ONGOING;111;Jul mawvub heav atomuv vadlauju hidhizos urvi bed vanhi sehemete kerzolfu zup halgew. Udliuhi fir bu gor caf feb etidoti deamewe wobeha wocboj awees mul owkuk. To kawemi so tadi emu nufsekpov jof naw ow nowhera zesrihto foj gigita tivu ajugegag wa pa tintir. Zalic mucafbe tej afiopome oluzum hi muaka tohjipe pa egpu guk zehevgu. Bisek necbuuma ev boctahpiz kabibahe oci redi ewonire to vozejak fek tah kir uzgum vi idecu lenajica.;OPTIONAL;1;0;5149;5049;system;2017-04-07 08:21:28;system;2017-04-07 08:21:28