id;login;password_hash;first_name;last_name;email;activated;lang_key;activation_key;reset_key;account_policy_id;created_by;last_modified_by
5000;genuser1;$2a$10$VEjxo0jq2YG9Rbk2HmX9S.k1uZBGYUHdUcid3g/vfiEl7lwWgOH/K;Fannie;Barnett;zomasluk@awize.it;1;fr;59943733674989942188;59943733674989942188;1;system;system
5001;genuser2;$2a$10$VEjxo0jq2YG9Rbk2HmX9S.k1uZBGYUHdUcid3g/vfiEl7lwWgOH/K;Christopher;Cross;gimjojata@ez.ga;0;fr;59943733674989942188;59943733674989942188;2;system;system
5002;genuser3;$2a$10$VEjxo0jq2YG9Rbk2HmX9S.k1uZBGYUHdUcid3g/vfiEl7lwWgOH/K;Micheal;Caldwell;oderik@var.cz;0;fr;59943733674989942188;59943733674989942188;1;system;system
5003;genuser4;$2a$10$VEjxo0jq2YG9Rbk2HmX9S.k1uZBGYUHdUcid3g/vfiEl7lwWgOH/K;Ollie;Johnston;zu@deci.mx;1;en;59943733674989942188;59943733674989942188;2;system;system
5004;genuser5;$2a$10$VEjxo0jq2YG9Rbk2HmX9S.k1uZBGYUHdUcid3g/vfiEl7lwWgOH/K;Jeffery;Horton;lufocuh@undu.mo;0;en;59943733674989942188;59943733674989942188;2;system;system
5005;genuser6;$2a$10$VEjxo0jq2YG9Rbk2HmX9S.k1uZBGYUHdUcid3g/vfiEl7lwWgOH/K;Ricky;Allen;ivga@jahubi.pa;0;en;59943733674989942188;59943733674989942188;1;system;system
5006;genuser7;$2a$10$VEjxo0jq2YG9Rbk2HmX9S.k1uZBGYUHdUcid3g/vfiEl7lwWgOH/K;Chester;Watson;bebme@we.lt;1;en;59943733674989942188;59943733674989942188;1;system;system
5007;genuser8;$2a$10$VEjxo0jq2YG9Rbk2HmX9S.k1uZBGYUHdUcid3g/vfiEl7lwWgOH/K;Duane;Newman;va@zu.ar;1;fr;59943733674989942188;59943733674989942188;1;system;system
5008;genuser9;$2a$10$VEjxo0jq2YG9Rbk2HmX9S.k1uZBGYUHdUcid3g/vfiEl7lwWgOH/K;Leonard;Chapman;agkugaf@govhuheb.gq;1;fr;59943733674989942188;59943733674989942188;1;system;system
5009;genuser10;$2a$10$VEjxo0jq2YG9Rbk2HmX9S.k1uZBGYUHdUcid3g/vfiEl7lwWgOH/K;Christine;Erickson;ezafepoc@atuisu.mh;1;fr;59943733674989942188;59943733674989942188;2;system;system
5010;genuser11;$2a$10$VEjxo0jq2YG9Rbk2HmX9S.k1uZBGYUHdUcid3g/vfiEl7lwWgOH/K;Bess;Marshall;dourosub@uc.za;0;fr;59943733674989942188;59943733674989942188;1;system;system
5011;genuser12;$2a$10$VEjxo0jq2YG9Rbk2HmX9S.k1uZBGYUHdUcid3g/vfiEl7lwWgOH/K;Fred;Peterson;gopdim@cathek.bh;0;en;59943733674989942188;59943733674989942188;1;system;system
5012;genuser13;$2a$10$VEjxo0jq2YG9Rbk2HmX9S.k1uZBGYUHdUcid3g/vfiEl7lwWgOH/K;Wayne;Kennedy;sejiwi@eziri.co.uk;1;en;59943733674989942188;59943733674989942188;1;system;system
5013;genuser14;$2a$10$VEjxo0jq2YG9Rbk2HmX9S.k1uZBGYUHdUcid3g/vfiEl7lwWgOH/K;Teresa;Bowen;ipbagib@zeen.ag;0;en;59943733674989942188;59943733674989942188;2;system;system
5014;genuser15;$2a$10$VEjxo0jq2YG9Rbk2HmX9S.k1uZBGYUHdUcid3g/vfiEl7lwWgOH/K;Richard;Smith;kub@duho.iq;1;fr;59943733674989942188;59943733674989942188;2;system;system
5015;genuser16;$2a$10$VEjxo0jq2YG9Rbk2HmX9S.k1uZBGYUHdUcid3g/vfiEl7lwWgOH/K;Inez;Goodwin;tod@sagifpi.mn;0;fr;59943733674989942188;59943733674989942188;1;system;system
5016;genuser17;$2a$10$VEjxo0jq2YG9Rbk2HmX9S.k1uZBGYUHdUcid3g/vfiEl7lwWgOH/K;Georgie;Ryan;es@gor.nz;0;fr;59943733674989942188;59943733674989942188;2;system;system
5017;genuser18;$2a$10$VEjxo0jq2YG9Rbk2HmX9S.k1uZBGYUHdUcid3g/vfiEl7lwWgOH/K;Rosalie;Waters;dan@bu.sb;0;en;59943733674989942188;59943733674989942188;2;system;system
5018;genuser19;$2a$10$VEjxo0jq2YG9Rbk2HmX9S.k1uZBGYUHdUcid3g/vfiEl7lwWgOH/K;Katie;Stone;zanobug@ihukji.ao;1;fr;59943733674989942188;59943733674989942188;2;system;system
5019;genuser20;$2a$10$VEjxo0jq2YG9Rbk2HmX9S.k1uZBGYUHdUcid3g/vfiEl7lwWgOH/K;Gussie;Smith;ufava@du.er;0;en;59943733674989942188;59943733674989942188;2;system;system
5020;genuser21;$2a$10$VEjxo0jq2YG9Rbk2HmX9S.k1uZBGYUHdUcid3g/vfiEl7lwWgOH/K;Lina;Cortez;lifadice@ituhu.bz;1;en;59943733674989942188;59943733674989942188;1;system;system
5021;genuser22;$2a$10$VEjxo0jq2YG9Rbk2HmX9S.k1uZBGYUHdUcid3g/vfiEl7lwWgOH/K;Ruby;Hodges;ane@dedzisbi.hn;1;en;59943733674989942188;59943733674989942188;2;system;system
5022;genuser23;$2a$10$VEjxo0jq2YG9Rbk2HmX9S.k1uZBGYUHdUcid3g/vfiEl7lwWgOH/K;Isabella;Fields;tu@fezlaje.us;0;fr;59943733674989942188;59943733674989942188;2;system;system
5023;genuser24;$2a$10$VEjxo0jq2YG9Rbk2HmX9S.k1uZBGYUHdUcid3g/vfiEl7lwWgOH/K;Clayton;Sharp;itope@asa.ky;1;en;59943733674989942188;59943733674989942188;1;system;system
5024;genuser25;$2a$10$VEjxo0jq2YG9Rbk2HmX9S.k1uZBGYUHdUcid3g/vfiEl7lwWgOH/K;Ella;Jackson;riha@li.ki;0;fr;59943733674989942188;59943733674989942188;1;system;system
5025;genuser26;$2a$10$VEjxo0jq2YG9Rbk2HmX9S.k1uZBGYUHdUcid3g/vfiEl7lwWgOH/K;Sophia;Hawkins;lirizelip@lol.ag;1;fr;59943733674989942188;59943733674989942188;1;system;system
5026;genuser27;$2a$10$VEjxo0jq2YG9Rbk2HmX9S.k1uZBGYUHdUcid3g/vfiEl7lwWgOH/K;Teresa;Rowe;ki@udo.pe;1;en;59943733674989942188;59943733674989942188;1;system;system
5027;genuser28;$2a$10$VEjxo0jq2YG9Rbk2HmX9S.k1uZBGYUHdUcid3g/vfiEl7lwWgOH/K;Trevor;Henry;piosa@odema.il;0;fr;59943733674989942188;59943733674989942188;2;system;system
5028;genuser29;$2a$10$VEjxo0jq2YG9Rbk2HmX9S.k1uZBGYUHdUcid3g/vfiEl7lwWgOH/K;Barbara;Bass;vigfidok@mekavom.edu;1;en;59943733674989942188;59943733674989942188;2;system;system
5029;genuser30;$2a$10$VEjxo0jq2YG9Rbk2HmX9S.k1uZBGYUHdUcid3g/vfiEl7lwWgOH/K;Victoria;McLaughlin;hok@juno.lr;1;en;59943733674989942188;59943733674989942188;2;system;system
5030;genuser31;$2a$10$VEjxo0jq2YG9Rbk2HmX9S.k1uZBGYUHdUcid3g/vfiEl7lwWgOH/K;Estelle;Lindsey;hepser@git.pw;1;en;59943733674989942188;59943733674989942188;1;system;system
5031;genuser32;$2a$10$VEjxo0jq2YG9Rbk2HmX9S.k1uZBGYUHdUcid3g/vfiEl7lwWgOH/K;Linnie;McLaughlin;subeduda@tejas.ky;0;fr;59943733674989942188;59943733674989942188;2;system;system
5032;genuser33;$2a$10$VEjxo0jq2YG9Rbk2HmX9S.k1uZBGYUHdUcid3g/vfiEl7lwWgOH/K;Mathilda;Oliver;fopir@ute.fi;0;en;59943733674989942188;59943733674989942188;2;system;system
5033;genuser34;$2a$10$VEjxo0jq2YG9Rbk2HmX9S.k1uZBGYUHdUcid3g/vfiEl7lwWgOH/K;Jean;Elliott;keusa@fep.gn;0;en;59943733674989942188;59943733674989942188;1;system;system
5034;genuser35;$2a$10$VEjxo0jq2YG9Rbk2HmX9S.k1uZBGYUHdUcid3g/vfiEl7lwWgOH/K;Luis;Stevenson;walac@uv.rw;1;fr;59943733674989942188;59943733674989942188;2;system;system
5035;genuser36;$2a$10$VEjxo0jq2YG9Rbk2HmX9S.k1uZBGYUHdUcid3g/vfiEl7lwWgOH/K;Jordan;Klein;gilub@sablutow.ge;0;en;59943733674989942188;59943733674989942188;2;system;system
5036;genuser37;$2a$10$VEjxo0jq2YG9Rbk2HmX9S.k1uZBGYUHdUcid3g/vfiEl7lwWgOH/K;Josephine;Hamilton;vajbefda@iru.sv;1;fr;59943733674989942188;59943733674989942188;2;system;system
5037;genuser38;$2a$10$VEjxo0jq2YG9Rbk2HmX9S.k1uZBGYUHdUcid3g/vfiEl7lwWgOH/K;Katharine;Ford;minpew@iba.ch;0;fr;59943733674989942188;59943733674989942188;1;system;system
5038;genuser39;$2a$10$VEjxo0jq2YG9Rbk2HmX9S.k1uZBGYUHdUcid3g/vfiEl7lwWgOH/K;Anne;Powers;liuz@muterfi.fi;0;en;59943733674989942188;59943733674989942188;2;system;system
5039;genuser40;$2a$10$VEjxo0jq2YG9Rbk2HmX9S.k1uZBGYUHdUcid3g/vfiEl7lwWgOH/K;Brent;Craig;goffezlik@kij.bg;0;fr;59943733674989942188;59943733674989942188;1;system;system
5040;genuser41;$2a$10$VEjxo0jq2YG9Rbk2HmX9S.k1uZBGYUHdUcid3g/vfiEl7lwWgOH/K;Robert;Ramsey;calbus@vehugo.com;0;en;59943733674989942188;59943733674989942188;2;system;system
5041;genuser42;$2a$10$VEjxo0jq2YG9Rbk2HmX9S.k1uZBGYUHdUcid3g/vfiEl7lwWgOH/K;Derrick;Price;akaubi@etzu.cv;0;fr;59943733674989942188;59943733674989942188;1;system;system
5042;genuser43;$2a$10$VEjxo0jq2YG9Rbk2HmX9S.k1uZBGYUHdUcid3g/vfiEl7lwWgOH/K;Clyde;Pierce;reg@paojosu.fj;0;en;59943733674989942188;59943733674989942188;2;system;system
5043;genuser44;$2a$10$VEjxo0jq2YG9Rbk2HmX9S.k1uZBGYUHdUcid3g/vfiEl7lwWgOH/K;Ellen;Young;reb@hijziwjam.ro;0;fr;59943733674989942188;59943733674989942188;1;system;system
5044;genuser45;$2a$10$VEjxo0jq2YG9Rbk2HmX9S.k1uZBGYUHdUcid3g/vfiEl7lwWgOH/K;Bertie;Waters;vosemobi@deje.gf;1;fr;59943733674989942188;59943733674989942188;2;system;system
5045;genuser46;$2a$10$VEjxo0jq2YG9Rbk2HmX9S.k1uZBGYUHdUcid3g/vfiEl7lwWgOH/K;Hulda;Patton;hagvo@wuthakeb.gt;1;fr;59943733674989942188;59943733674989942188;1;system;system
5046;genuser47;$2a$10$VEjxo0jq2YG9Rbk2HmX9S.k1uZBGYUHdUcid3g/vfiEl7lwWgOH/K;Kate;Rios;ditu@kebta.hm;0;en;59943733674989942188;59943733674989942188;2;system;system
5047;genuser48;$2a$10$VEjxo0jq2YG9Rbk2HmX9S.k1uZBGYUHdUcid3g/vfiEl7lwWgOH/K;Brandon;Thomas;ruf@ereca.fk;0;en;59943733674989942188;59943733674989942188;1;system;system
5048;genuser49;$2a$10$VEjxo0jq2YG9Rbk2HmX9S.k1uZBGYUHdUcid3g/vfiEl7lwWgOH/K;Jon;Alexander;ov@bevnosal.sd;0;en;59943733674989942188;59943733674989942188;2;system;system
5049;genuser50;$2a$10$VEjxo0jq2YG9Rbk2HmX9S.k1uZBGYUHdUcid3g/vfiEl7lwWgOH/K;Joseph;Simmons;riace@judafu.sm;1;en;59943733674989942188;59943733674989942188;1;system;system
5050;genuser51;$2a$10$VEjxo0jq2YG9Rbk2HmX9S.k1uZBGYUHdUcid3g/vfiEl7lwWgOH/K;Steve;Huff;emo@guugo.mv;0;en;59943733674989942188;59943733674989942188;1;system;system
5051;genuser52;$2a$10$VEjxo0jq2YG9Rbk2HmX9S.k1uZBGYUHdUcid3g/vfiEl7lwWgOH/K;Joel;Jenkins;jojas@ejo.tk;0;fr;59943733674989942188;59943733674989942188;1;system;system
5052;genuser53;$2a$10$VEjxo0jq2YG9Rbk2HmX9S.k1uZBGYUHdUcid3g/vfiEl7lwWgOH/K;Lloyd;Nunez;zadal@tonako.er;0;fr;59943733674989942188;59943733674989942188;1;system;system
5053;genuser54;$2a$10$VEjxo0jq2YG9Rbk2HmX9S.k1uZBGYUHdUcid3g/vfiEl7lwWgOH/K;Anthony;Johnston;ja@utuliwru.gg;0;fr;59943733674989942188;59943733674989942188;1;system;system
5054;genuser55;$2a$10$VEjxo0jq2YG9Rbk2HmX9S.k1uZBGYUHdUcid3g/vfiEl7lwWgOH/K;Vernon;Ryan;borwe@nejvaz.mh;1;fr;59943733674989942188;59943733674989942188;1;system;system
5055;genuser56;$2a$10$VEjxo0jq2YG9Rbk2HmX9S.k1uZBGYUHdUcid3g/vfiEl7lwWgOH/K;Alta;Francis;ifunecid@wo.ph;1;en;59943733674989942188;59943733674989942188;2;system;system
5056;genuser57;$2a$10$VEjxo0jq2YG9Rbk2HmX9S.k1uZBGYUHdUcid3g/vfiEl7lwWgOH/K;Lelia;Pittman;rejireuwa@vorir.et;0;fr;59943733674989942188;59943733674989942188;1;system;system
5057;genuser58;$2a$10$VEjxo0jq2YG9Rbk2HmX9S.k1uZBGYUHdUcid3g/vfiEl7lwWgOH/K;Frances;Guzman;keh@ziap.af;0;fr;59943733674989942188;59943733674989942188;1;system;system
5058;genuser59;$2a$10$VEjxo0jq2YG9Rbk2HmX9S.k1uZBGYUHdUcid3g/vfiEl7lwWgOH/K;Ethan;Cooper;poczu@ideni.aw;1;fr;59943733674989942188;59943733674989942188;2;system;system
5059;genuser60;$2a$10$VEjxo0jq2YG9Rbk2HmX9S.k1uZBGYUHdUcid3g/vfiEl7lwWgOH/K;Ophelia;Sutton;onhebwus@daijioc.pr;1;fr;59943733674989942188;59943733674989942188;2;system;system
5060;genuser61;$2a$10$VEjxo0jq2YG9Rbk2HmX9S.k1uZBGYUHdUcid3g/vfiEl7lwWgOH/K;Marie;Sparks;fe@oro.sy;0;fr;59943733674989942188;59943733674989942188;2;system;system
5061;genuser62;$2a$10$VEjxo0jq2YG9Rbk2HmX9S.k1uZBGYUHdUcid3g/vfiEl7lwWgOH/K;Brett;Kennedy;mebbi@todsu.bi;0;en;59943733674989942188;59943733674989942188;2;system;system
5062;genuser63;$2a$10$VEjxo0jq2YG9Rbk2HmX9S.k1uZBGYUHdUcid3g/vfiEl7lwWgOH/K;Lucinda;Russell;tafroc@mosobfo.kp;1;en;59943733674989942188;59943733674989942188;2;system;system
5063;genuser64;$2a$10$VEjxo0jq2YG9Rbk2HmX9S.k1uZBGYUHdUcid3g/vfiEl7lwWgOH/K;Mattie;Adams;ica@lusuor.kz;1;en;59943733674989942188;59943733674989942188;1;system;system
5064;genuser65;$2a$10$VEjxo0jq2YG9Rbk2HmX9S.k1uZBGYUHdUcid3g/vfiEl7lwWgOH/K;Joseph;Flores;rofieto@ubutik.iq;0;en;59943733674989942188;59943733674989942188;1;system;system
5065;genuser66;$2a$10$VEjxo0jq2YG9Rbk2HmX9S.k1uZBGYUHdUcid3g/vfiEl7lwWgOH/K;Sean;Black;nehuzefef@comne.vu;1;en;59943733674989942188;59943733674989942188;2;system;system
5066;genuser67;$2a$10$VEjxo0jq2YG9Rbk2HmX9S.k1uZBGYUHdUcid3g/vfiEl7lwWgOH/K;Peter;Reed;fo@vu.pl;0;fr;59943733674989942188;59943733674989942188;1;system;system
5067;genuser68;$2a$10$VEjxo0jq2YG9Rbk2HmX9S.k1uZBGYUHdUcid3g/vfiEl7lwWgOH/K;Connor;Brady;unlu@nih.th;0;fr;59943733674989942188;59943733674989942188;2;system;system
5068;genuser69;$2a$10$VEjxo0jq2YG9Rbk2HmX9S.k1uZBGYUHdUcid3g/vfiEl7lwWgOH/K;Bernard;Flowers;zo@fe.jm;0;en;59943733674989942188;59943733674989942188;2;system;system
5069;genuser70;$2a$10$VEjxo0jq2YG9Rbk2HmX9S.k1uZBGYUHdUcid3g/vfiEl7lwWgOH/K;Fred;Harper;raijmiz@maf.ai;1;fr;59943733674989942188;59943733674989942188;1;system;system
5070;genuser71;$2a$10$VEjxo0jq2YG9Rbk2HmX9S.k1uZBGYUHdUcid3g/vfiEl7lwWgOH/K;Ellen;Grant;eh@fejutsoj.es;0;en;59943733674989942188;59943733674989942188;2;system;system
5071;genuser72;$2a$10$VEjxo0jq2YG9Rbk2HmX9S.k1uZBGYUHdUcid3g/vfiEl7lwWgOH/K;Lee;Ramos;va@up.pw;0;en;59943733674989942188;59943733674989942188;1;system;system
5072;genuser73;$2a$10$VEjxo0jq2YG9Rbk2HmX9S.k1uZBGYUHdUcid3g/vfiEl7lwWgOH/K;Pauline;Gray;uhozjis@joclel.bm;0;en;59943733674989942188;59943733674989942188;1;system;system
5073;genuser74;$2a$10$VEjxo0jq2YG9Rbk2HmX9S.k1uZBGYUHdUcid3g/vfiEl7lwWgOH/K;Jonathan;Phelps;lubi@hoake.mg;1;fr;59943733674989942188;59943733674989942188;2;system;system
5074;genuser75;$2a$10$VEjxo0jq2YG9Rbk2HmX9S.k1uZBGYUHdUcid3g/vfiEl7lwWgOH/K;Elnora;Ballard;suvop@ni.sn;1;en;59943733674989942188;59943733674989942188;2;system;system
5075;genuser76;$2a$10$VEjxo0jq2YG9Rbk2HmX9S.k1uZBGYUHdUcid3g/vfiEl7lwWgOH/K;Sarah;Johnston;subtedip@afobaigo.bi;1;fr;59943733674989942188;59943733674989942188;1;system;system
5076;genuser77;$2a$10$VEjxo0jq2YG9Rbk2HmX9S.k1uZBGYUHdUcid3g/vfiEl7lwWgOH/K;Jerome;Barrett;vum@bahve.tw;1;en;59943733674989942188;59943733674989942188;2;system;system
5077;genuser78;$2a$10$VEjxo0jq2YG9Rbk2HmX9S.k1uZBGYUHdUcid3g/vfiEl7lwWgOH/K;Evan;Fitzgerald;be@jamni.km;1;en;59943733674989942188;59943733674989942188;1;system;system
5078;genuser79;$2a$10$VEjxo0jq2YG9Rbk2HmX9S.k1uZBGYUHdUcid3g/vfiEl7lwWgOH/K;Mamie;Sanders;kuhujupu@abwukal.mg;0;en;59943733674989942188;59943733674989942188;1;system;system
5079;genuser80;$2a$10$VEjxo0jq2YG9Rbk2HmX9S.k1uZBGYUHdUcid3g/vfiEl7lwWgOH/K;Eliza;McDaniel;munivcod@mosfusem.pk;1;fr;59943733674989942188;59943733674989942188;2;system;system
5080;genuser81;$2a$10$VEjxo0jq2YG9Rbk2HmX9S.k1uZBGYUHdUcid3g/vfiEl7lwWgOH/K;Charlotte;Patton;heureja@navili.cm;1;fr;59943733674989942188;59943733674989942188;1;system;system
5081;genuser82;$2a$10$VEjxo0jq2YG9Rbk2HmX9S.k1uZBGYUHdUcid3g/vfiEl7lwWgOH/K;Tom;Chambers;po@mucota.lb;1;en;59943733674989942188;59943733674989942188;2;system;system
5082;genuser83;$2a$10$VEjxo0jq2YG9Rbk2HmX9S.k1uZBGYUHdUcid3g/vfiEl7lwWgOH/K;Roger;McDaniel;ve@dofro.im;0;fr;59943733674989942188;59943733674989942188;2;system;system
5083;genuser84;$2a$10$VEjxo0jq2YG9Rbk2HmX9S.k1uZBGYUHdUcid3g/vfiEl7lwWgOH/K;Marvin;Carson;fe@wisihere.it;1;en;59943733674989942188;59943733674989942188;1;system;system
5084;genuser85;$2a$10$VEjxo0jq2YG9Rbk2HmX9S.k1uZBGYUHdUcid3g/vfiEl7lwWgOH/K;Daisy;Kennedy;liblow@mod.to;1;en;59943733674989942188;59943733674989942188;2;system;system
5085;genuser86;$2a$10$VEjxo0jq2YG9Rbk2HmX9S.k1uZBGYUHdUcid3g/vfiEl7lwWgOH/K;Ricky;Dennis;fuf@gebhah.gw;1;fr;59943733674989942188;59943733674989942188;2;system;system
5086;genuser87;$2a$10$VEjxo0jq2YG9Rbk2HmX9S.k1uZBGYUHdUcid3g/vfiEl7lwWgOH/K;Shane;Dawson;us@noda.cu;0;en;59943733674989942188;59943733674989942188;1;system;system
5087;genuser88;$2a$10$VEjxo0jq2YG9Rbk2HmX9S.k1uZBGYUHdUcid3g/vfiEl7lwWgOH/K;Ann;Wilson;esunuw@ufasuwup.wf;1;fr;59943733674989942188;59943733674989942188;1;system;system
5088;genuser89;$2a$10$VEjxo0jq2YG9Rbk2HmX9S.k1uZBGYUHdUcid3g/vfiEl7lwWgOH/K;Nina;Jensen;wabiv@onahiffez.me;0;en;59943733674989942188;59943733674989942188;2;system;system
5089;genuser90;$2a$10$VEjxo0jq2YG9Rbk2HmX9S.k1uZBGYUHdUcid3g/vfiEl7lwWgOH/K;Minerva;Burke;rujpaw@oraboc.aq;0;fr;59943733674989942188;59943733674989942188;1;system;system
5090;genuser91;$2a$10$VEjxo0jq2YG9Rbk2HmX9S.k1uZBGYUHdUcid3g/vfiEl7lwWgOH/K;Max;McKenzie;pigpusfip@jog.at;1;fr;59943733674989942188;59943733674989942188;2;system;system
5091;genuser92;$2a$10$VEjxo0jq2YG9Rbk2HmX9S.k1uZBGYUHdUcid3g/vfiEl7lwWgOH/K;Isabelle;Reid;izesuc@do.ht;0;fr;59943733674989942188;59943733674989942188;2;system;system
5092;genuser93;$2a$10$VEjxo0jq2YG9Rbk2HmX9S.k1uZBGYUHdUcid3g/vfiEl7lwWgOH/K;Mathilda;Glover;obupas@reg.bq;0;fr;59943733674989942188;59943733674989942188;1;system;system
5093;genuser94;$2a$10$VEjxo0jq2YG9Rbk2HmX9S.k1uZBGYUHdUcid3g/vfiEl7lwWgOH/K;Andre;Kim;he@wopri.vg;1;fr;59943733674989942188;59943733674989942188;2;system;system
5094;genuser95;$2a$10$VEjxo0jq2YG9Rbk2HmX9S.k1uZBGYUHdUcid3g/vfiEl7lwWgOH/K;Richard;Walker;kuftit@nucfuk.va;0;fr;59943733674989942188;59943733674989942188;2;system;system
5095;genuser96;$2a$10$VEjxo0jq2YG9Rbk2HmX9S.k1uZBGYUHdUcid3g/vfiEl7lwWgOH/K;Lucinda;Pearson;kuznim@lirid.cc;1;fr;59943733674989942188;59943733674989942188;2;system;system
5096;genuser97;$2a$10$VEjxo0jq2YG9Rbk2HmX9S.k1uZBGYUHdUcid3g/vfiEl7lwWgOH/K;Lucas;Summers;gavnat@lutjoc.fi;0;fr;59943733674989942188;59943733674989942188;1;system;system
5097;genuser98;$2a$10$VEjxo0jq2YG9Rbk2HmX9S.k1uZBGYUHdUcid3g/vfiEl7lwWgOH/K;Eleanor;Hall;ahihem@wuhfew.tt;0;en;59943733674989942188;59943733674989942188;2;system;system
5098;genuser99;$2a$10$VEjxo0jq2YG9Rbk2HmX9S.k1uZBGYUHdUcid3g/vfiEl7lwWgOH/K;Inez;Jimenez;enu@jaibe.mq;0;fr;59943733674989942188;59943733674989942188;1;system;system
5099;genuser100;$2a$10$VEjxo0jq2YG9Rbk2HmX9S.k1uZBGYUHdUcid3g/vfiEl7lwWgOH/K;Noah;Padilla;kuk@azogazwir.bo;1;en;59943733674989942188;59943733674989942188;2;system;system